Tahun,Provinsi,Kabupaten/Kota,Luas Wilayah (km2)(A),Luas RTH (km2)(B),% RTH(B/A),Taman Kota (km2),Hutan Kota (km2),Jalur hijau di Jalan (km2),Sempadan Sungai (km2),Sempadan Pantai (km2),Tempat Pemakaman Umum (km2),Sempadan Rel Kereta Api (km2),Jalur Hijau Jaringan Listrik Tegangan Tinggi (km2),Pengaman Sumber_Air Baku Mata Air (km2),Kebun Bibit (km2),Lain-lain (km2)
2021,Aceh,Kab. Aceh Selatan,"4,173.82",,,-,-,-,-,-,-,-,-,-,-,-
2021,Aceh,Kab. Aceh Timur,"6,040.60",0.0757,0,0.05,0.03,-,-,-,-,-,-,-,-,-
2021,Aceh,Kab. Aceh Tengah,"4,527.53",1.11217,0.02,0.32,0.02,0.02,0.6,0.15,0.01,-,-,-,-,-
2021,Aceh,Kab. Aceh Barat,"2,927.95",0.02902,0,0.01,0.01,0,0,0,0,-,-,-,-,-
2021,Aceh,Kab. Aceh Besar,"2,903.50",,,-,-,-,-,-,-,-,-,-,-,-
2021,Aceh,Kab. Pidie,"3,184.45",0.21488,0.01,0.21,-,-,-,-,-,-,-,-,-,-
2021,Aceh,Kab. Simeulue,"1,838.09",0.06226,0,0.03,-,0.03,-,-,-,-,-,-,-,-
2021,Aceh,Kab. Aceh Singkil,"1,857.88",697.58337,37.55,0.31,-,-,689.45,1.38,1.97,-,-,-,-,4.49
2021,Aceh,Kab. Bireuen,"1,798.00",,,-,-,-,-,-,-,-,-,-,-,-
2021,Aceh,Kab. Aceh Barat Daya,"188,205.00",0.70084,0,0.7,-,-,-,-,-,-,-,-,-,-
2021,Aceh,Kab. Gayo Lues,"5,549.91",1.10381,0.02,-,0.32,0.06,0.23,-,-,-,-,-,-,0.5
2021,Aceh,Kab. Aceh Jaya,"3,727.00",0.8222,0.02,0.13,-,0.11,0.18,0.4,-,-,-,-,-,-
2021,Aceh,Kab. Aceh Tamiang,"1,957.02",,,-,-,-,-,-,-,-,-,-,-,-
2021,Aceh,Kab. Bener Meriah,1.94,0.002,0.1,0,-,-,-,-,-,-,-,-,-,-
2021,Aceh,Kab. Pidie Jaya,952.11,,,-,-,-,-,-,-,-,-,-,-,-
2021,Aceh,Kota Banda Aceh,59.02,8.30634,14.07,1.02,0.28,0.67,1.3,4.61,0.34,-,-,-,-,0.07
2021,Aceh,Kota Sabang,122.13,0.00754,0.01,0.01,-,-,-,-,-,-,-,-,-,-
2021,Aceh,Kota Langsa,239.83,75.15228,31.34,55.07,0.75,13.51,5.46,0.05,0.32,-,-,-,-,-
2021,Aceh,Kota Subulussalam,"1,391.00",0.2,0.01,0.2,-,-,-,-,-,-,-,-,-,-
2021,Sumatera Utara,Kab. Tapanuli Tengah,"2,194.98",0.00058,0,0,0,-,-,-,-,-,-,-,-,-
2021,Sumatera Utara,Kab. Tapanuli Utara,"3,793.71",0.00092,0,0,0,-,-,-,-,-,-,-,-,-
2021,Sumatera Utara,Kab. Tapanuli Selatan,"4,355.35","3,300.75",75.79,0.4,0.2,-,520,-,-,-,-,-,0.9,"2,779.25"
2021,Sumatera Utara,Kab. Langkat,"6,273.29",0.08584,0,0.01,0,0.08,-,-,-,-,-,-,-,-
2021,Sumatera Utara,Kab. Karo,"2,127.25",0.01001,0,0.01,-,-,-,-,-,-,-,-,-,-
2021,Sumatera Utara,Kab. Deli Serdang,"2,498.00",421.37275,16.87,12.81,371.25,6.34,0,21.53,9.44,-,-,-,-,-
2021,Sumatera Utara,Kab. Asahan,"3,732.97",0.21712,0.01,0.12,0.09,0.01,-,-,-,-,-,-,-,-
2021,Sumatera Utara,Kab. Dairi,"1,927.80",,,-,-,-,-,-,-,-,-,-,-,-
2021,Sumatera Utara,Kab. Toba,"2,022.00",,,-,-,-,-,-,-,-,-,-,-,-
2021,Sumatera Utara,Kab. Nias Selatan,"2,487.99",,,-,-,-,-,-,-,-,-,-,-,-
2021,Sumatera Utara,Kota Medan,265.1,18.8381,7.11,0.67,0,0.26,5.72,0.33,11.63,0.03,0.03,-,-,0.17
2021,Sumatera Utara,Kota Pematang Siantar,79.97,0.7095,0.89,0.04,0.21,0.05,0.08,-,0.26,0.07,-,-,-,-
2021,Sumatera Utara,Kota Sibolga,10.77,0.005,0.05,0.01,-,-,-,-,-,-,-,-,-,-
2021,Sumatera Utara,Kota Tanjung Balai,60.52,0.0579,0.1,0.01,0.01,0,-,-,0.01,-,-,-,0.03,-
2021,Sumatera Utara,Kota Binjai,,,,-,-,-,-,-,-,-,-,-,-,-
2021,Sumatera Utara,Kota Tebing Tinggi,38.96,12.6468,32.46,5.83,-,4.72,1.35,-,0.12,-,-,-,-,0.62
2021,Sumatera Barat,Kab. Pesisir Selatan,"1,938.79",591.52876,30.51,0.2,0.05,306.89,164.77,119.62,-,-,-,-,-,-
2021,Sumatera Barat,Kab. Solok,"3,738.00",0.324,0.01,-,0.17,-,-,-,-,-,-,-,0.15,-
2021,Sumatera Barat,Kab. Sijunjung,"3,130.80",0.04009,0,0.03,-,0,0,-,0,-,-,-,-,-
2021,Sumatera Barat,Kab. Tanah Datar,"1,336.00",0.11829,0.01,0.03,0.08,0.01,-,-,-,-,-,-,-,-
2021,Sumatera Barat,Kab. Padang Pariaman,,65,,-,15,50,-,-,-,-,-,-,-,-
2021,Sumatera Barat,Kab. Agam,"2,232.40",25.69864,1.15,0.29,-,2.61,3.16,4.3,-,-,12.71,2.64,-,-
2021,Sumatera Barat,Kab. Lima Puluh Kota,"3,354.00",0.0008,0,0,-,-,-,-,-,-,-,-,-,-
2021,Sumatera Barat,Kab. Pasaman,"3,947.63",7.97521,0.2,0,0.02,0.01,7.93,-,0.01,-,-,-,-,-
2021,Sumatera Barat,Kab. Dharmasraya,"3,346.00",0.0166,0,0.01,-,0,-,-,-,-,-,-,-,-
2021,Sumatera Barat,Kab. Solok Selatan,"3,346.20",0.4994,0.01,0.04,0.42,-,-,-,-,-,-,-,-,0.04
2021,Sumatera Barat,Kab. Pasaman Barat,"3,887.77",0.1065,0,0,0.03,0.02,-,0.05,-,-,-,-,-,-
2021,Sumatera Barat,Kota Padang,694.96,142.26701,20.47,0.07,0.24,0.19,19.97,0.35,-,0.38,0.01,1,-,120.07
2021,Sumatera Barat,Kota Solok,58.72,11.46525,19.53,0.12,11.31,0.02,0,-,0,-,0.01,-,-,-
2021,Sumatera Barat,Kota Sawahlunto,273.45,0.13122,0.05,0.03,0.08,0.03,-,-,-,-,-,-,-,-
2021,Sumatera Barat,Kota Padang Panjang,23,1.13343,4.93,0.03,0.95,0.03,0,-,0.12,-,0,0.01,-,-
2021,Sumatera Barat,Kota Bukittinggi,25.24,0.05977,0.24,0.06,-,-,-,-,-,-,-,-,-,-
2021,Sumatera Barat,Kota Payakumbuh,80.43,8.53611,10.61,2.15,2.58,0.05,2.56,-,0.14,0.39,0.43,0.24,-,-
2021,Sumatera Barat,Kota Pariaman,73.36,8.024,10.94,-,8.02,-,-,-,-,-,-,-,-,-
2021,Riau,Kab. Kampar,"11,289.28",2.55631,0.02,0.63,0.14,0.02,0,-,0.07,-,-,1.69,-,-
2021,Riau,Kab. Indragiri Hulu,"819,826.00",0.0204,0,0.02,-,-,-,-,-,-,-,-,-,-
2021,Riau,Kab. Bengkalis,7.77,0.55932,7.2,0.51,-,-,0,0,0.05,-,-,0,-,-
2021,Riau,Kab. Indragiri Hilir,13.53,0.01066,0.08,0.01,0,-,-,-,-,-,-,-,-,-
2021,Riau,Kab. Pelalawan,"12,614.78",,,-,-,-,-,-,-,-,-,-,-,-
2021,Riau,Kab. Rokan Hulu,"7,588.13",0.34685,0,0.01,0.33,0.01,-,-,-,-,-,-,-,-
2021,Riau,Kab. Rokan Hilir,"8,881.59",0.304,0,0.02,0.07,0.05,-,-,0.16,-,-,-,-,-
2021,Riau,Kab. Siak,"8,556.09",0.84769,0.01,0.44,0.33,0.05,-,-,0.03,-,-,-,-,-
2021,Riau,Kab. Kuantan Singingi,"7,656.03",0.6112,0.01,0.51,0.11,-,-,-,-,-,-,-,-,-
2021,Riau,Kab. Kepulauan Meranti,"3,708.00",0.01211,0,0.01,-,-,-,-,-,-,-,-,-,-
2021,Riau,Kota Pekanbaru,632.3,3.75058,0.59,1.11,1.99,0.35,-,-,-,-,-,-,-,0.3
2021,Riau,Kota Dumai,"1,727,385.00",,,-,-,-,-,-,-,-,-,-,-,-
2021,Jambi,Kab. Merangin,"7,679.00",771.5824,10.05,0.08,18.53,0.02,-,-,-,-,750.33,2.63,-,-
2021,Jambi,Kab. Sarolangun,"6,174.00",0.05095,0,0.04,0.01,0,-,-,-,-,-,-,-,-
2021,Jambi,Kab. Batanghari,"41,797.00",0.80993,0,0.7,0.03,0.07,-,-,-,-,-,-,-,0.01
2021,Jambi,Kab. Tanjung Jabung Barat,"50,009.82",,,-,-,-,-,-,-,-,-,-,-,-
2021,Jambi,Kab. Tanjung Jabung Timur,"5,445.00",,,-,-,-,-,-,-,-,-,-,-,-
2021,Jambi,Kab. Bungo,"4,659.00",787.07755,16.89,1.27,781.85,0.03,0.49,-,3.44,-,-,-,-,-
2021,Jambi,Kab. Tebo,"6,461.00",,,-,-,-,-,-,-,-,-,-,-,-
2021,Jambi,Kota Jambi,175.53,23.05636,13.14,0.14,0.63,0.06,19.71,-,2.52,-,-,-,-,-
2021,Sumatera Selatan,Kab. Ogan Komering Ulu,"4,797.00",0.013,0,-,0,0.01,0,-,-,0,-,-,-,-
2021,Sumatera Selatan,Kab. Ogan Komering Ilir,"19,023.47",0.08742,0,0.09,-,-,-,-,-,-,-,-,-,-
2021,Sumatera Selatan,Kab. Muara Enim,187.08,21.08166,11.27,0.24,0.67,0.01,2.33,-,0.07,0.48,0.36,3.42,0.01,-
2021,Sumatera Selatan,Kab. Lahat,"4,361.84",0.32056,0.01,0.13,0.12,0.07,-,-,0,-,-,-,-,-
2021,Sumatera Selatan,Kab. Musi Rawas,"6,357.09",,,-,-,-,-,-,-,-,-,-,-,-
2021,Sumatera Selatan,Kab. Musi Banyuasin,"14,265.96","6,882.00",48.24,248.36,"6,633.19",0.18,-,-,0.01,-,-,-,-,0.27
2021,Sumatera Selatan,Kab. Banyuasin,"11,875.00",294.95725,2.48,0.01,-,-,294.78,0.04,0.04,-,-,-,-,0.09
2021,Sumatera Selatan,Kab. Ogan Komering Ulu Timur,102.16,0.11422,0.11,0.04,0.05,0.02,-,-,-,-,-,-,-,-
2021,Sumatera Selatan,Kab. Ogan Komering Ulu Selatan,"5,493.94",,,-,-,-,-,-,-,-,-,-,-,-
2021,Sumatera Selatan,Kab. Ogan Ilir,"2,666.07",,,-,-,-,-,-,-,-,-,-,-,-
2021,Sumatera Selatan,Kota Palembang,400.61,43.83195,10.94,35.14,0.67,0.81,0.12,-,1.42,0.1,-,-,-,5.57
2021,Sumatera Selatan,Kota Prabumulih,434.46,4.72758,1.09,0.47,0.1,0.24,0.89,-,0.6,0.85,1,0.27,-,0.31
2021,Bengkulu,Kab. Bengkulu Selatan,"1,186.70",,,-,-,-,-,-,-,-,-,-,-,-
2021,Bengkulu,Kab. Bengkulu Utara,"4,324.60",4.38385,0.1,0.02,4.33,0.03,-,-,-,-,-,-,-,-
2021,Bengkulu,Kab. Lebong,"1,665.28","1,214.51",72.93,998.15,0.1,0.01,3.01,-,-,-,-,213.25,-,-
2021,Bengkulu,Kab. Kepahiang,665,0,0,0,-,-,-,-,-,-,-,-,-,-
2021,Bengkulu,Kab. Bengkulu Tengah,"1,223.94",,,-,-,-,-,-,-,-,-,-,-,-
2021,Lampung,Kab. Lampung Tengah,"4,789.82",0.0225,0,0.02,-,-,-,-,-,-,-,-,-,-
2021,Lampung,Kab. Lampung Barat,"3,368.14",0.05975,0,0.06,0,-,-,-,-,-,-,-,-,-
2021,Lampung,Kab. Tulang Bawang,"3,466.32",,,-,-,-,-,-,-,-,-,-,-,-
2021,Lampung,Kab. Tanggamus,"4,654.96",0.05865,0,0.01,0.01,0,-,0.01,-,-,-,0.03,-,-
2021,Lampung,Kab. Way Kanan,"3,921.63",399.35234,10.18,0.4,0.04,128.58,249.61,-,13.92,3.59,2.61,0.62,-,-
2021,Lampung,Kab. Pesawaran,"1,173.77",,,-,-,-,-,-,-,-,-,-,-,-
2021,Lampung,Kab. Pringsewu,625,,,-,-,-,-,-,-,-,-,-,-,-
2021,Lampung,Kota Bandar Lampung,197.22,5.32975,2.7,0.01,2.03,0.24,0.92,1.28,-,0.12,-,-,-,0.73
2021,Lampung,Kota Metro,68.74,0.28922,0.42,0.29,-,-,0,-,-,-,-,-,-,-
2021,Kepulauan Bangka Belitung,Kab. Bangka,100,3.61542,3.62,0.59,2.25,0.08,0.11,0.32,0.26,-,-,-,-,-
2021,Kepulauan Bangka Belitung,Kab. Belitung,"2,293.69",41.92327,1.83,0.61,-,-,2.98,0.91,0.71,-,-,-,-,36.72
2021,Kepulauan Bangka Belitung,Kab. Bangka Selatan,"3,607.08",0.76674,0.02,0.06,0.29,0.04,0.02,0.06,0.3,-,-,-,-,-
2021,Kepulauan Bangka Belitung,Kab. Bangka Tengah,"2,279.11",462.74462,20.3,1.67,440.3,0.3,8.27,4.16,6.55,-,-,1.51,-,-
2021,Kepulauan Bangka Belitung,Kab. Belitung Timur,"2,506.91",2.26253,0.09,0,1.57,-,0.19,-,0.09,-,-,0.42,-,-
2021,Kepulauan Bangka Belitung,Kota Pangkal Pinang,118.4,0.00136,0,0,0,0,0,0,0,-,0,-,-,0
2021,Kepulauan Riau,Kab. Bintan,"1,946.13",2.2074,0.11,0.12,0.02,0.05,-,-,2.01,-,-,-,-,-
2021,Kepulauan Riau,Kab. Karimun,"1,524.00",3.64837,0.24,0.03,0.14,-,-,-,1.41,-,-,2.08,-,-
2021,Kepulauan Riau,Kab. Natuna,"2,009.04",,,-,-,-,-,-,-,-,-,-,-,-
2021,Kepulauan Riau,Kab. Lingga,2.12,0.17272,8.15,0.17,-,-,-,-,-,-,-,-,-,-
2021,Kepulauan Riau,Kab. Kepulauan Anambas,590.14,0.02761,0,0,-,-,-,-,0.02,-,-,-,-,0.01
2021,Kepulauan Riau,Kota Batam,"1,595.00",2.11942,0.13,0.08,0.34,0.02,-,1.55,0.13,-,-,-,-,-
2021,Kepulauan Riau,Kota Tanjung Pinang,144.56,25.07202,17.34,20.89,3.91,0.04,-,-,0.23,-,-,-,-,-
2021,DKI Jakarta,Kab. Adm. Kep. Seribu,8.7,2.89867,33.32,0.06,1.5,-,-,0.43,0.05,-,-,-,-,0.86
2021,DKI Jakarta,Kota Adm. Jakarta Pusat,48.13,0.83742,1.74,0.1,-,0.36,-,-,0.38,-,-,-,-,-
2021,DKI Jakarta,Kota Adm. Jakarta Utara,140,1.55831,1.11,0.43,0.19,0.33,-,-,0.61,-,-,-,-,-
2021,DKI Jakarta,Kota Adm. Jakarta Barat,124.4,0.02241,0.02,-,-,-,-,-,-,-,-,-,-,0.02
2021,DKI Jakarta,Kota Adm. Jakarta Selatan,154.3,0.81989,0.53,0.82,-,-,-,-,-,-,-,-,-,0
2021,DKI Jakarta,Kota Adm. Jakarta Timur,182.7,0.12129,0.07,0.1,-,0.02,-,-,-,-,-,-,-,-
2021,Jawa Barat,Kab. Sukabumi,"4,145.70",,,-,-,-,-,-,-,-,-,-,-,-
2021,Jawa Barat,Kab. Bandung,"1,762.00",281.48932,15.98,52.6,12.88,162.06,1.01,-,45.45,1.22,4.84,0.02,-,1.34
2021,Jawa Barat,Kab. Garut,"3,065.19",0.17318,0.01,0.02,0.04,-,-,-,0.11,-,-,-,-,-
2021,Jawa Barat,Kab. Tasikmalaya,270.68,,,-,-,-,-,-,-,-,-,-,-,-
2021,Jawa Barat,Kab. Ciamis,"1,425.00",65.73754,4.61,0.11,0.34,0.12,0.88,-,2.37,0.34,-,6.69,0.01,54.82
2021,Jawa Barat,Kab. Kuningan,"1,194.00",0.1076,0.01,0.02,0.07,-,-,-,-,-,-,-,-,0.02
2021,Jawa Barat,Kab. Cirebon,"1,070.29",0.19015,0.02,0.03,0.03,0.09,-,-,0.04,-,-,-,-,-
2021,Jawa Barat,Kab. Sumedang,"1,558.72",1.08032,0.07,0.03,0.35,0.06,0,-,0.22,-,-,0.04,-,0.35
2021,Jawa Barat,Kab. Indramayu,"2,099.42",1.20771,0.06,0.41,-,-,0.1,0.64,0.06,-,-,-,-,-
2021,Jawa Barat,Kab. Bandung Barat,"1,306.00",0.0008,0,-,-,-,-,-,0,-,-,-,-,-
2021,Jawa Barat,Kota Bogor,"11,850.00",,,-,-,-,-,-,-,-,-,-,-,-
2021,Jawa Barat,Kota Sukabumi,48.2,2.62824,5.45,0.06,0.05,1.87,0.01,-,0.65,-,-,-,-,-
2021,Jawa Barat,Kota Bandung,167.31,,,-,-,-,-,-,-,-,-,-,-,-
2021,Jawa Barat,Kota Cirebon,37.36,1.67529,4.48,0.61,-,-,-,-,-,-,-,-,-,1.06
2021,Jawa Barat,Kota Bekasi,210.49,0.1046,0.05,0.08,0.02,-,-,-,-,-,-,-,-,-
2021,Jawa Barat,Kota Depok,200.29,0.64659,0.32,0.19,0.07,0.05,-,-,0.33,-,-,-,-,-
2021,Jawa Barat,Kota Cimahi,42.73,0.37212,0.87,0.06,0.13,0.07,-,-,0.11,-,-,-,-,-
2021,Jawa Barat,Kota Banjar,132,36.26402,27.47,0.16,0.08,0.04,0.65,-,0.01,0.02,-,-,-,35.31
2021,Jawa Tengah,Kab. Cilacap,425.65,43.09717,10.13,1.3,0.68,1.83,33.05,1.56,1.87,0.9,1.52,0.39,-,-
2021,Jawa Tengah,Kab. Banyumas,"1,328.00",231.29008,17.42,2.77,0.31,0.06,17.23,-,17.22,1.44,2.81,0,0.02,181.9
2021,Jawa Tengah,Kab. Banjarnegara,"1,069.73",,,-,-,-,-,-,-,-,-,-,-,-
2021,Jawa Tengah,Kab. Kebumen,"1,281.12",18.9248,1.48,0.46,0.01,15.04,-,-,3.41,-,-,-,-,-
2021,Jawa Tengah,Kab. Purworejo,"1,034.84",0.32718,0.03,0.15,0.01,0,0.01,-,0.16,-,-,-,-,-
2021,Jawa Tengah,Kab. Wonosobo,"98,468.00",,,-,-,-,-,-,-,-,-,-,-,-
2021,Jawa Tengah,Kab. Magelang,"1,085.73",0.5905,0.05,0.02,0.13,0.23,0.01,-,0.2,-,-,-,-,-
2021,Jawa Tengah,Kab. Boyolali,"1,096.35",0.27836,0.03,0.24,0,-,-,-,-,-,-,-,-,0.04
2021,Jawa Tengah,Kab. Klaten,655.56,,,-,-,-,-,-,-,-,-,-,-,-
2021,Jawa Tengah,Kab. Sukoharjo,466.66,0.001,0,-,0,-,-,-,-,-,-,-,-,-
2021,Jawa Tengah,Kab. Wonogiri,"1,822.36",701.0428,38.47,0.02,693.82,7.2,-,-,-,-,0,-,-,-
2021,Jawa Tengah,Kab. Karanganyar,774,,,-,-,-,-,-,-,-,-,-,-,-
2021,Jawa Tengah,Kab. Sragen,941.55,117.41281,12.47,0.13,60.09,42.7,10.63,-,0.51,0.38,0.11,2.86,-,-
2021,Jawa Tengah,Kab. Grobogan,"2,022.25",0.70545,0.03,0.71,-,-,-,-,-,-,-,-,-,-
2021,Jawa Tengah,Kab. Blora,"1,820.95",,,-,-,-,-,-,-,-,-,-,-,-
2021,Jawa Tengah,Kab. Rembang,"1,014.08",1.37809,0.14,0.08,1.28,0.02,-,-,-,-,-,-,-,-
2021,Jawa Tengah,Kab. Pati,"1,503.68",391.48639,26.04,10.43,-,1.67,5.19,2.34,1.01,-,0.06,0.82,-,369.97
2021,Jawa Tengah,Kab. Kudus,425.2,6.30059,1.48,0.05,0.01,0.12,5.73,-,0.38,-,-,-,-,-
2021,Jawa Tengah,Kab. Jepara,"1,047.41",180.49044,17.23,1.35,177.31,0.19,-,1.14,0.47,-,-,-,0.02,-
2021,Jawa Tengah,Kab. Demak,897.43,0.73939,0.08,0.03,-,0.01,-,-,-,-,-,-,-,0.7
2021,Jawa Tengah,Kab. Semarang,"95,021.00",,,-,-,-,-,-,-,-,-,-,-,-
2021,Jawa Tengah,Kab. Temanggung,870.65,0.10315,0.01,0.06,0.03,0.01,-,-,-,-,-,-,-,-
2021,Jawa Tengah,Kab. Kendal,"1,002.23",0.07119,0.01,0.07,-,-,-,-,-,-,-,-,-,-
2021,Jawa Tengah,Kab. Batang,"78,864.00",,,-,-,-,-,-,-,-,-,-,-,-
2021,Jawa Tengah,Kab. Pekalongan,836.13,0.23771,0.03,0.18,0.01,0,-,-,0.04,-,-,-,-,0.01
2021,Jawa Tengah,Kab. Pemalang,"1,115.00",150.178,13.47,0.18,-,-,-,-,-,-,-,150,-,-
2021,Jawa Tengah,Kab. Tegal,876.1,0.11347,0.01,0.11,-,-,-,-,-,-,-,-,-,-
2021,Jawa Tengah,Kab. Brebes,"1,769.62",,,-,-,-,-,-,-,-,-,-,-,-
2021,Jawa Tengah,Kota Magelang,18.12,1.87,10.32,0.78,0.69,0.05,0,-,0.35,-,-,-,-,-
2021,Jawa Tengah,Kota Salatiga,56.78,0.53579,0.94,0.16,0,0.01,-,-,0.37,-,-,-,-,-
2021,Jawa Tengah,Kota Semarang,373.7,109.33806,29.26,2.15,28.69,14.65,9.98,5.37,4.32,0.46,0.3,43.41,-,-
2021,Jawa Tengah,Kota Pekalongan,45.25,,,-,-,-,-,-,-,-,-,-,-,-
2021,Jawa Tengah,Kota Tegal,39.68,,,-,-,-,-,-,-,-,-,-,-,-
2021,D.I. Yogyakarta,Kab. Kulon Progo,586.3,0.76066,0.13,0.05,0.05,0,0.01,0,0.27,-,-,0,-,0.35
2021,D.I. Yogyakarta,Kab. Bantul,506.85,2.3513,0.46,0,0,1.22,0.29,-,0.2,0.03,0.53,-,-,0.08
2021,D.I. Yogyakarta,Kab. Gunungkidul,"1,485.00",1.55496,0.1,0.37,0.07,0.07,0.77,0.13,0.11,-,-,0.04,-,-
2021,D.I. Yogyakarta,Kab. Sleman,574.82,28.98814,5.04,1,-,-,15.99,-,0.37,-,-,11.63,-,-
2021,D.I. Yogyakarta,Kota Yogyakarta,32.5,2.61936,8.06,0.5,0.17,0.76,0.43,-,0.34,0.11,-,-,-,0.31
2021,Jawa Timur,Kab. Pacitan,"1,390.00",,,-,-,-,-,-,-,-,-,-,-,-
2021,Jawa Timur,Kab. Ponorogo,"137,178.00",0.11565,0,0.12,-,-,-,-,-,-,-,-,-,-
2021,Jawa Timur,Kab. Trenggalek,"1,261.40",0.007,0,0.01,-,-,-,-,-,-,-,-,-,-
2021,Jawa Timur,Kab. Blitar,"1,588.79",0.1045,0.01,0.06,0.02,0,0.02,-,-,-,-,-,-,0
2021,Jawa Timur,Kab. Kediri,"1,386.05",0.14743,0.01,0.1,-,0.03,0,-,0.01,-,-,-,-,0
2021,Jawa Timur,Kab. Malang,"3,530.65",0.18934,0.01,0.06,0,0.06,0,-,0,0,-,0.04,-,0.03
2021,Jawa Timur,Kab. Lumajang,"99,999.99",4.02681,0,0.1,0,3.92,-,-,-,-,-,-,-,-
2021,Jawa Timur,Kab. Banyuwangi,"5,782.50",2.42879,0.04,0.92,0.09,0.83,-,0.21,0.38,-,-,0,-,-
2021,Jawa Timur,Kab. Bondowoso,"1,560.10",0.05403,0,0.05,0.01,-,-,-,-,-,-,-,-,-
2021,Jawa Timur,Kab. Situbondo,"1,638.50",1.10696,0.07,0.13,0.05,0.08,-,0.79,0.06,-,-,-,-,-
2021,Jawa Timur,Kab. Probolinggo,"1,696.17",3.99245,0.24,0.04,0,0,0,3.88,0.03,0,-,0.04,-,-
2021,Jawa Timur,Kab. Pasuruan,"1,474.02",0.89211,0.06,0,0.88,0.01,-,-,-,-,-,-,-,-
2021,Jawa Timur,Kab. Sidoarjo,714.27,0.34084,0.05,0.1,0.03,0.1,0,-,0.1,0,-,-,-,-
2021,Jawa Timur,Kab. Mojokerto,692.15,,,-,-,-,-,-,-,-,-,-,-,-
2021,Jawa Timur,Kab. Jombang,"1,159.50",0.29793,0.03,0.28,0.02,0,-,-,-,-,-,-,-,-
2021,Jawa Timur,Kab. Nganjuk,"1,224.33",0.10092,0.01,0.07,0.03,-,-,-,-,-,-,-,-,-
2021,Jawa Timur,Kab. Madiun,"1,010.86",458.94622,45.4,0.24,0.04,0.01,-,-,-,-,-,-,2.01,456.65
2021,Jawa Timur,Kab. Magetan,688.84,0.27921,0.04,0.04,0.12,0.12,-,-,-,-,-,-,-,-
2021,Jawa Timur,Kab. Ngawi,"1,295.98",0.72214,0.06,0.55,0.12,0.05,-,-,0,-,-,-,-,-
2021,Jawa Timur,Kab. Bojonegoro,"2,307.06",16.13813,0.7,0.31,0.02,1.66,13.33,-,0.4,0.42,-,-,-,-
2021,Jawa Timur,Kab. Tuban,"1,839.94",48.55392,2.64,10.2,0.08,-,16.74,3.01,4.83,-,-,12.95,0.75,-
2021,Jawa Timur,Kab. Lamongan,1.81,0.1117,6.17,0.09,0.01,0.02,-,-,-,-,-,-,-,-
2021,Jawa Timur,Kab. Gresik,5.54,15.74011,284.12,1.1,2.14,0.75,0.14,0.04,0.28,0,-,11.28,-,-
2021,Jawa Timur,Kab. Sampang,"1,233.30",1.8989,0.15,0.02,0.01,0.57,-,1.3,-,-,-,-,-,-
2021,Jawa Timur,Kab. Pamekasan,792.2,39.31966,4.96,0.1,0,10.2,1.86,-,0.43,-,0.06,5.8,-,9.12
2021,Jawa Timur,Kab. Sumenep,"2,093.47",0.44105,0.02,0.02,0.05,0.07,0.14,-,0.16,-,-,-,0,-
2021,Jawa Timur,Kota Kediri,63.4,0.81584,1.29,0.67,0.04,0.03,0.02,-,-,-,-,0.04,0.01,0
2021,Jawa Timur,Kota Blitar,32.58,11.28073,34.62,0.51,0.03,0.07,1.45,-,0.23,0.08,0.33,1.28,0.01,7.29
2021,Jawa Timur,Kota Malang,110.06,16.76385,15.23,0.61,0.1,0.99,6.22,-,1.16,0.28,0.81,-,0,6.59
2021,Jawa Timur,Kota Probolinggo,56.67,5.9949,10.58,0.09,0.04,-,1.84,-,0.56,0.12,0.25,-,0.04,3.03
2021,Jawa Timur,Kota Pasuruan,35.29,8.6935,24.63,0.13,0.02,0.01,-,-,0.23,-,-,-,-,8.3
2021,Jawa Timur,Kota Mojokerto,20.21,0.05072,0.25,0.05,-,-,-,-,-,-,-,-,-,-
2021,Jawa Timur,Kota Madiun,33.23,2.88766,8.69,0.69,0.16,0.33,1,-,0.44,0.19,-,-,-,-
2021,Jawa Timur,Kota Surabaya,334.51,54.55925,16.31,1.21,0.66,2.15,-,45.7,2.85,-,-,1.98,-,-
2021,Jawa Timur,Kota Batu,199,26.47551,13.3,0.1,20.55,-,-,2.87,0.24,-,-,0.05,-,2.66
2021,Banten,Kab. Lebak,"3,305.07",5.79218,0.18,1.72,0,0.05,1.92,0.02,1.75,0.01,0.32,-,-,-
2021,Banten,Kota Tangerang,164.55,,,-,-,-,-,-,-,-,-,-,-,-
2021,Banten,Kota Cilegon,175.51,,,-,-,-,-,-,-,-,-,-,-,-
2021,Banten,Kota Serang,266.74,0.0442,0.02,-,0.04,-,-,-,-,-,-,-,-,-
2021,Banten,Kota Tangerang Selatan,147.19,0.00023,0,0,-,-,-,-,-,-,-,-,-,-
2021,Bali,Kab. Jembrana,841.8,0.41452,0.05,0.35,0,0.04,-,-,-,-,-,-,-,0.02
2021,Bali,Kab. Tabanan,"83,933.00",53.10619,0.06,20.13,0.22,-,0.02,-,0.04,-,-,-,-,32.71
2021,Bali,Kab. Badung,420.1,59.6966,14.21,59.7,-,-,-,-,-,-,-,-,-,-
2021,Bali,Kab. Gianyar,368,,,-,-,-,-,-,-,-,-,-,-,-
2021,Bali,Kab. Klungkung,"31,500.00",0.0656,0,0.07,-,-,-,-,-,-,-,-,-,-
2021,Bali,Kab. Bangli,520.81,2.36939,0.45,0.03,1.98,0.04,0.25,-,0.02,-,-,0.05,-,0
2021,Bali,Kab. Karangasem,839.5,0.03229,0,0.01,0,0.02,0,-,-,-,-,-,-,-
2021,Bali,Kab. Buleleng,"1,366.00",0.28152,0.02,0.07,0.02,0.13,-,-,0.06,-,-,-,-,-
2021,Nusa Tenggara Barat,Kab. Lombok Barat,"105,392.00",0.01103,0,0.01,-,-,-,-,-,-,-,-,-,-
2021,Nusa Tenggara Barat,Kab. Lombok Timur,"2,679.88",,,-,-,-,-,-,-,-,-,-,-,-
2021,Nusa Tenggara Barat,Kab. Sumbawa,"6,643.98",0.6513,0.01,0.08,-,-,0.37,0.12,0.09,-,-,-,-,-
2021,Nusa Tenggara Barat,Kab. Sumbawa Barat,1.85,,,-,-,-,-,-,-,-,-,-,-,-
2021,Nusa Tenggara Barat,Kab. Lombok Utara,809.53,,,-,-,-,-,-,-,-,-,-,-,-
2021,Nusa Tenggara Barat,Kota Mataram,61.3,0.26948,0.44,0.19,0.04,-,-,-,0.03,-,-,-,-,0
2021,Nusa Tenggara Timur,Kab. Alor,"2,928.88",0.01121,0,0.01,-,-,-,-,-,-,-,-,-,-
2021,Nusa Tenggara Timur,Kab. Manggarai Barat,"3,141.00",0.08021,0,0.02,0.05,0.01,-,0,-,-,-,-,-,-
2021,Nusa Tenggara Timur,Kab. Nagekeo,"1,416.96",0.00745,0,0,-,-,-,0.01,-,-,-,-,-,-
2021,Nusa Tenggara Timur,Kab. Sumba Tengah,"1,869.18",0.32,0.02,0.31,-,-,-,-,-,-,-,-,0.01,-
2021,Nusa Tenggara Timur,Kab. Manggarai Timur,152.5,,,-,-,-,-,-,-,-,-,-,-,-
2021,Nusa Tenggara Timur,Kab. Malaka,"1,160.63",,,-,-,-,-,-,-,-,-,-,-,-
2021,Kalimantan Barat,Kab. Sambas,"6,395.70",0.09999,0,0.02,0.03,0.01,0.04,-,-,-,-,-,-,-
2021,Kalimantan Barat,Kab. Mempawah,"2,797.88",32.37515,1.16,0.06,-,0.08,32.23,-,-,-,-,-,-,-
2021,Kalimantan Barat,Kab. Sanggau,"12,857.70",0.70314,0.01,0.45,0.25,-,-,-,-,-,0,-,-,-
2021,Kalimantan Barat,Kab. Bengkayang,"5,396.30",0.195,0,0.03,-,-,-,-,0.16,-,-,-,-,-
2021,Kalimantan Barat,Kab. Landak,"990,910.00",0.02148,0,0.02,-,-,-,-,-,-,-,-,-,-
2021,Kalimantan Barat,Kab. Melawi,"10,640.80",,,-,-,-,-,-,-,-,-,-,-,-
2021,Kalimantan Barat,Kota Pontianak,107.8,13.87618,12.87,0.55,1.05,-,-,-,5.37,-,0.15,-,-,6.76
2021,Kalimantan Tengah,Kab. Kotawaringin Barat,"10,759.00",11.17131,0.1,0.31,8.76,0.05,-,-,0.05,-,-,-,-,2
2021,Kalimantan Tengah,Kab. Kotawaringin Timur,"16,796.00",10.05045,0.06,0.05,2.58,1.43,-,-,-,-,-,-,-,6
2021,Kalimantan Tengah,Kab. Kapuas,"14,999.00",0.13205,0,0.03,0.01,0.07,-,-,0.03,-,-,-,-,-
2021,Kalimantan Tengah,Kab. Barito Utara,"8,300.00",0.17105,0,0.05,0.1,0,0.01,-,-,-,-,-,-,-
2021,Kalimantan Tengah,Kab. Seruyan,"16,404.00",0.03179,0,0.03,-,-,-,-,-,-,-,-,-,-
2021,Kalimantan Tengah,Kab. Sukamara,"3,827.00",,,-,-,-,-,-,-,-,-,-,-,-
2021,Kalimantan Tengah,Kab. Lamandau,"6,414.00",406.6617,6.34,0.06,10.02,0.06,109.46,-,0.05,-,-,4.26,0.12,172.86
2021,Kalimantan Tengah,Kab. Gunung Mas,"10,804.00",0.00833,0,0.01,-,-,-,-,-,-,-,-,-,-
2021,Kalimantan Tengah,Kab. Pulang Pisau,"8,997.00",0.07852,0,0.01,0.07,-,-,-,-,-,-,-,-,-
2021,Kalimantan Tengah,Kab. Murung Raya,"23,700.16",0.20351,0,-,0.01,-,0,-,0.16,-,-,-,-,0.03
2021,Kalimantan Tengah,Kab. Barito Timur,"3,834.00",0.00683,0,0.01,-,-,-,-,-,-,-,-,-,-
2021,Kalimantan Tengah,Kota Palangkaraya,"2,853.53",91.58408,3.21,0.18,89.78,0.13,-,-,1.49,-,-,-,-,-
2021,Kalimantan Selatan,Kab. Tanah Laut,"3,631.35",1.97103,0.05,0.8,0.83,0,0.01,0.27,0.06,-,-,-,-,-
2021,Kalimantan Selatan,Kab. Kotabaru,"9,442.46",,,-,-,-,-,-,-,-,-,-,-,-
2021,Kalimantan Selatan,Kab. Banjar,"4,668.50",,,-,-,-,-,-,-,-,-,-,-,-
2021,Kalimantan Selatan,Kab. Barito Kuala,"2,996.46",4.38923,0.15,0.06,0.52,0.01,3.77,-,0.03,-,-,-,-,-
2021,Kalimantan Selatan,Kab. Tapin,"2,175.00",2.86199,0.13,1.19,0.05,0.2,1.09,-,0,-,-,0.01,-,0.32
2021,Kalimantan Selatan,Kab. Hulu Sungai Selatan,"1,804.94",549.95171,30.47,0.15,0.09,0.15,362.98,-,0.02,-,-,-,-,186.56
2021,Kalimantan Selatan,Kab. Hulu Sungai Tengah,"1,770.77",0.09388,0.01,0,0,0.08,-,-,0.01,-,-,-,-,-
2021,Kalimantan Selatan,Kab. Hulu Sungai Utara,915.05,0.04271,0,0.01,0.03,-,-,-,-,-,-,-,-,-
2021,Kalimantan Selatan,Kab. Tabalong,"3,556.00",2.90199,0.08,0.33,0.22,0.48,-,-,0.14,-,-,1.49,-,0.24
2021,Kalimantan Selatan,Kab. Tanah Bumbu,"4,871.39",1.0188,0.02,0.31,0.06,0.64,-,-,0.01,-,-,-,-,-
2021,Kalimantan Selatan,Kab. Balangan,"1,878.30",1.16965,0.06,0.07,0.13,0.01,-,-,0.05,-,0.02,0.1,-,0.79
2021,Kalimantan Selatan,Kota Banjarmasin,98.46,4.16562,4.23,0.29,-,0.15,0.27,-,0.63,-,-,-,-,2.81
2021,Kalimantan Selatan,Kota Banjarbaru,371.38,52.15366,14.04,0.82,1.28,0.04,47.75,-,1.88,-,0.25,0.01,0.09,0.03
2021,Kalimantan Timur,Kab. Paser,"11,603.94",51.3023,0.44,0.37,0.01,0.02,0.02,-,0.12,-,-,-,-,50.77
2021,Kalimantan Timur,Kab. Kutai Kartanegara,"27,263.10",77.17495,0.28,76.47,0.21,0.04,-,-,0.45,-,-,-,0.01,-
2021,Kalimantan Timur,Kab. Berau,"34,127.17",18.41198,0.05,0.01,18.4,0,-,-,-,-,-,-,-,-
2021,Kalimantan Timur,Kab. Kutai Timur,"35,747.50",1.01255,0,0.13,0.77,0,0.11,-,0,-,-,-,-,-
2021,Kalimantan Timur,Kab. Penajam Paser Utara,"3,333.00",333.55547,10.01,1.26,47.28,0.07,73.78,3.53,0.52,-,11.58,0.02,0.07,195.45
2021,Kalimantan Timur,Kota Balikpapan,503.3,194.01108,38.55,0.08,183.98,0.01,0.02,4.82,0.82,-,0.01,1.71,1.45,0.86
2021,Kalimantan Timur,Kota Samarinda,718,3.64277,0.51,0.22,3.36,0.06,-,-,-,-,-,-,-,-
2021,Kalimantan Timur,Kota Bontang,161.88,32.18292,19.88,13.19,0.61,0.05,0.76,13.48,0.16,-,-,-,-,3.94
2021,Kalimantan Utara,Kab. Nunukan,"14,247.50","3,304.13",23.19,0.22,"3,301.73",0.11,-,0.29,0.38,-,-,1.39,-,-
2021,Kalimantan Utara,Kab. Tana Tidung,"4,828.58",0.0006,0,0,-,-,-,-,-,-,-,-,-,-
2021,Sulawesi Utara,Kab. Bolaang Mongondow,"3,506.24",,,-,-,-,-,-,-,-,-,-,-,-
2021,Sulawesi Utara,Kab. Minahasa,"1,141.64",0.00233,0,0,-,-,-,-,-,-,-,-,-,-
2021,Sulawesi Utara,Kab. Kepulauan Sangihe,736.98,,,-,-,-,-,-,-,-,-,-,-,-
2021,Sulawesi Utara,Kab. Minahasa Selatan,"1,456.46",0.0069,0,0,0,-,-,-,-,-,0,-,-,0
2021,Sulawesi Utara,Kab. Minahasa Utara,"1,059.00",102.68816,9.7,0.58,22.73,0.9,31,5,0.1,-,-,40.98,-,-
2021,Sulawesi Utara,Kab. Minahasa Tenggara,"73,062.00",,,-,-,-,-,-,-,-,-,-,-,-
2021,Sulawesi Utara,Kab. Bolaang Mongondow Utara,"1,856.00",0.00038,0,-,0,-,-,-,-,-,-,-,-,-
2021,Sulawesi Utara,Kab. Kep. Siau Tagulandang Biaro,275.96,,,-,-,-,-,-,-,-,-,-,-,-
2021,Sulawesi Utara,Kab. Bolaang Mongondow Timur,866.54,,,-,-,-,-,-,-,-,-,-,-,-
2021,Sulawesi Utara,Kota Tomohon,34.08,,,-,-,-,-,-,-,-,-,-,-,-
2021,Sulawesi Utara,Kota Kotamobagu,108.89,18.5224,17.01,0.06,0.04,0.01,-,-,-,-,-,-,-,18.41
2021,Sulawesi Tengah,Kab. Banggai,"9,672.70",0.00336,0,0,-,-,-,-,-,-,-,-,-,-
2021,Sulawesi Tengah,Kab. Poso,"7,112.25",0.00316,0,0,-,-,-,-,-,-,-,-,-,-
2021,Sulawesi Tengah,Kab. Donggala,"5,275.69",0.28832,0.01,0.05,0.21,0,-,-,0.04,-,-,-,-,-
2021,Sulawesi Tengah,Kab. Toli-toli,"407,977.00",,,-,-,-,-,-,-,-,-,-,-,-
2021,Sulawesi Tengah,Kab. Buol,"404,357.00",,,-,-,-,-,-,-,-,-,-,-,-
2021,Sulawesi Tengah,Kab. Morowali,"5,472.00",,,-,-,-,-,-,-,-,-,-,-,-
2021,Sulawesi Tengah,Kab. Banggai Kepulauan,"2,488.79",0.041,0,0.04,-,-,-,-,-,-,-,-,-,-
2021,Sulawesi Tengah,Kab. Parigi Moutong,"5,883.97",1.45905,0.02,1.42,0.04,-,-,-,-,-,-,-,-,-
2021,Sulawesi Tengah,Kab. Sigi,"5,196.02",,,-,-,-,-,-,-,-,-,-,-,-
2021,Sulawesi Tengah,Kab. Banggai Laut,725.67,0.01395,0,0.01,-,-,-,-,-,-,-,-,-,-
2021,Sulawesi Tengah,Kab. Morowali Utara,"18,362.39",,,-,-,-,-,-,-,-,-,-,-,-
2021,Sulawesi Tengah,Kota Palu,395.06,,,-,-,-,-,-,-,-,-,-,-,-
2021,Sulawesi Selatan,Kab. Kepulauan Selayar,"1,357.03",0.46934,0.03,0,0.21,0,0.11,0.02,0.03,-,-,-,-,0.1
2021,Sulawesi Selatan,Kab. Bulukumba,"1,154.58",2.23182,0.19,0.08,-,0.96,0.35,0.63,0.21,-,-,-,-,-
2021,Sulawesi Selatan,Kab. Bantaeng,395.83,0.47738,0.12,0.24,0.06,0.1,0.04,-,0.05,-,-,-,-,-
2021,Sulawesi Selatan,Kab. Jeneponto,749.79,12.35298,1.65,0.05,0.17,0,12.04,-,0.09,-,-,-,-,-
2021,Sulawesi Selatan,Kab. Gowa,"1,883.33",0.1484,0.01,0.02,-,0.01,0.11,-,0.02,-,-,-,-,-
2021,Sulawesi Selatan,Kab. Sinjai,819.96,"19,400.67","2,366.05",-,-,-,"12,016.21",16.34,0.12,-,-,-,-,"7,368.00"
2021,Sulawesi Selatan,Kab. Bone,"4,593.00",6.86448,0.15,0.2,0.22,6.45,-,-,-,-,-,-,-,0
2021,Sulawesi Selatan,Kab. Maros,"1,619.12",,,-,-,-,-,-,-,-,-,-,-,-
2021,Sulawesi Selatan,Kab. Pangkajene Kepulauan,"1,112.29",0.09305,0.01,0.01,0.02,0.04,0,-,0.02,-,-,-,-,0
2021,Sulawesi Selatan,Kab. Barru,"1,174.72",1.14107,0.1,0.04,0.01,0.02,0.43,0.3,0.34,-,-,-,-,-
2021,Sulawesi Selatan,Kab. Soppeng,"1,500.00",1.77712,0.12,0.01,0.04,0,-,-,0.06,-,-,-,-,1.66
2021,Sulawesi Selatan,Kab. Wajo,"2,506.19",70.88666,2.83,0.02,1.03,0.24,66.31,3.18,0.1,-,-,-,-,-
2021,Sulawesi Selatan,Kab. Sidenreng Rappang,"1,883.25",0.24,0.01,0.05,0.04,0.14,-,-,-,-,-,-,-,-
2021,Sulawesi Selatan,Kab. Pinrang,"1,961.77",0.07894,0,0.03,0.01,-,-,-,0.04,-,-,-,-,-
2021,Sulawesi Selatan,Kab. Enrekang,"1,786.01",0.0462,0,0,0,0.04,-,-,-,-,-,-,-,-
2021,Sulawesi Selatan,Kab. Luwu,"3,000.25",0.20126,0.01,0.18,0.01,0.01,-,-,-,-,-,-,-,-
2021,Sulawesi Selatan,Kab. Luwu Timur,"6,944.88",54.87459,0.79,0.76,7.4,0.01,4,3.36,0.04,-,-,-,2.54,36.77
2021,Sulawesi Selatan,Kab. Toraja Utara,"1,151.47",,,-,-,-,-,-,-,-,-,-,-,-
2021,Sulawesi Selatan,Kota Makassar,175.77,"4,244,244.00","2,414,657.73","3,420,528.56","99,941.42","325,384.32","25,379.30",0.5,"81,288.95",-,-,-,-,"291,720.96"
2021,Sulawesi Selatan,Kota Pare Pare,99.33,20.90577,21.05,0.2,6.69,0.03,3.82,5.05,0.23,-,-,4.89,-,-
2021,Sulawesi Selatan,Kota Palopo,247.52,0.475,0.19,0.08,0.14,0.03,0,-,0.23,-,-,-,-,-
2021,Sulawesi Tenggara,Kab. Kolaka,"3,283.64","3,145.80",95.8,0.15,0.09,0.19,-,0.63,0.06,-,0.09,-,-,"3,144.59"
2021,Sulawesi Tenggara,Kab. Kolaka Utara,"339,162.00",0.03884,0,0.04,-,-,-,-,-,-,-,-,-,-
2021,Sulawesi Tenggara,Kab. Buton Utara,"1,923.03",,,-,-,-,-,-,-,-,-,-,-,-
2021,Sulawesi Tenggara,Kota Kendari,271.76,25.0287,9.21,1.25,6,13.41,1.69,1.03,0.17,-,-,-,-,1.49
2021,Gorontalo,Kab. Gorontalo,"1,751.00",0.9898,0.06,0.06,0.93,-,-,-,-,-,-,-,-,-
2021,Gorontalo,Kab. Boalemo,"1,831.33",0.47457,0.03,0.47,-,-,-,-,-,-,-,-,-,-
2021,Gorontalo,Kab. Pohuwato,"4,244.31",0.93819,0.02,0.33,0.58,-,-,-,0.03,-,-,-,-,-
2021,Gorontalo,Kab. Gorontalo Utara,"1,777.02",0.15366,0.01,0.03,0.05,-,-,-,-,-,0.08,-,-,-
2021,Gorontalo,Kota Gorontalo,64.79,0.03518,0.05,0.04,-,-,-,-,-,-,-,-,-,-
2021,Sulawesi Barat,Kab. Pasangkayu,"3,043.75",0.01311,0,0.01,-,-,-,-,-,-,-,-,-,-
2021,Sulawesi Barat,Kab. Polewali Mandar,"2,074.76",33.5424,1.62,0.38,2.07,0.18,28.82,1.34,0.06,-,0,0.63,-,0.06
2021,Sulawesi Barat,Kab. Majene,947.84,,,-,-,-,-,-,-,-,-,-,-,-
2021,Sulawesi Barat,Kab. Mamuju Tengah,"310,086.91",0.0021,0,0,-,-,-,-,-,-,-,-,-,-
2021,Maluku,Kab. Maluku Tengah,275.91,0.07,0.03,0.07,-,-,-,-,-,-,-,-,-,-
2021,Maluku,Kab. Seram Bagian Timur,643.36,0.00135,0,0,-,-,-,-,-,-,-,-,-,-
2021,Maluku,Kab. Maluku Barat Daya,"8,633.15",0.037,0,0.04,-,-,-,-,-,-,-,-,-,-
2021,Maluku,Kota Ambon,377,1.67342,0.44,0.19,0.12,0.86,0.25,0.12,0.13,-,-,-,-,-
2021,Maluku,Kota Tual,254.39,1.00496,0.4,0.07,-,-,-,-,-,-,-,-,-,0.94
2021,Maluku Utara,Kab. Pulau Morotai,"4,301.53",0.06737,0,0.05,0.02,-,-,-,-,-,-,-,-,-
2021,Maluku Utara,Kota Ternate,579.54,0.02589,0,0.01,0.01,0,-,0,0,-,-,0,-,-
2021,Maluku Utara,Kota Tidore Kepulauan,"13,862.86",,,-,-,-,-,-,-,-,-,-,-,-
2021,Papua,Kab. Jayapura,"17,516.00",0.34175,0,0.01,0.33,-,-,-,-,-,-,-,-,-
2021,Papua,Kab. Nabire,"12,075.00",0.08,0,-,0.08,-,-,-,-,-,-,-,-,-
2021,Papua,Kab. Kepulauan Yapen,"714,616.00",0.006,0,0.01,-,-,-,-,-,-,-,-,-,-
2021,Papua,Kab. Biak Numfor,"2,269.84",680.9959,30,0.02,7.6,0.88,667.16,2.23,0.03,-,-,2.85,-,0.23
2021,Papua,Kota Jayapura,490,0.04885,0.01,0.01,0.04,-,-,-,-,-,-,-,-,-
2021,Papua Barat,Kab. Manokwari,"4,650.32",,,-,-,-,-,-,-,-,-,-,-,-
2021,Papua Barat,Kab. Fak Fak,"14,320.00",,,-,-,-,-,-,-,-,-,-,-,-
2021,Papua Barat,Kab. Sorong Selatan,"7,789.92",0.00025,0,0,-,-,-,-,-,-,-,-,-,-
2021,Papua Barat,Kab. Raja Ampat,"67,379,600.00",77.63765,0,0,0,75.15,1.24,0.83,-,-,-,-,-,0.15
2020,Aceh,Kab. Aceh Selatan,"4,173.82",0.03697,0,0.02,-,-,-,0.02,-,-,-,-,-,-
2020,Aceh,Kab. Aceh Timur,"6,041.00",0.0757,0,0.05,0.03,-,-,-,-,-,-,-,-,-
2020,Aceh,Kab. Aceh Tengah,"4,527.53",1.11217,0.02,0.32,0.02,0.02,0.6,0.15,0.01,-,-,-,-,-
2020,Aceh,Kab. Simeulue,"1,838.09",0.028,0,0.03,-,-,-,-,-,-,-,-,-,-
2020,Aceh,Kab. Aceh Barat Daya,"188,205.00",,,-,-,-,-,-,-,-,-,-,-,-
2020,Aceh,Kab. Gayo Lues,"5,549.91",0.89272,0.02,-,0.89,-,0,-,-,-,-,-,-,-
2020,Aceh,Kab. Aceh Jaya,"3,727.00",0.8222,0.02,0.13,-,0.11,0.18,0.4,-,-,-,-,-,-
2020,Aceh,Kab. Aceh Tamiang,"1,957.02",,,-,-,-,-,-,-,-,-,-,-,-
2020,Aceh,Kab. Bener Meriah,1.94,0.002,0.1,0,-,-,-,-,-,-,-,-,-,-
2020,Aceh,Kab. Pidie Jaya,952.11,0.1,0.01,0.1,-,-,-,-,-,-,-,-,-,-
2020,Aceh,Kota Banda Aceh,59.02,7.09522,12.02,0.93,-,-,1.31,4.85,-,-,-,-,-,-
2020,Aceh,Kota Sabang,122.13,0.00754,0.01,0.01,-,-,-,-,-,-,-,-,-,-
2020,Aceh,Kota Langsa,239.83,,,-,-,-,-,-,-,-,-,-,-,-
2020,Sumatera Utara,Kab. Tapanuli Tengah,"2,194.98",,,-,-,-,-,-,-,-,-,-,-,-
2020,Sumatera Utara,Kab. Langkat,"6,273.29",0.08584,0,0.01,0,0.08,-,-,-,-,-,-,-,-
2020,Sumatera Utara,Kab. Deli Serdang,"2,497.72",418.00092,16.74,12.81,368.51,6.34,0,21.13,9.21,-,-,-,-,-
2020,Sumatera Utara,Kab. Asahan,"3,732.97",0.21712,0.01,0.12,0.09,0.01,-,-,-,-,-,-,-,-
2020,Sumatera Utara,Kab. Dairi,"1,927.80",,,-,-,-,-,-,-,-,-,-,-,-
2020,Sumatera Utara,Kab. Nias Selatan,"2,488.00",0.00075,0,0,-,-,-,-,-,-,-,-,-,-
2020,Sumatera Utara,Kota Medan,265.1,1.10854,0.42,0.56,-,0.11,0,-,0.38,-,0.05,-,-,-
2020,Sumatera Utara,Kota Pematang Siantar,79.97,0.07,0.09,-,0.05,-,0.02,-,-,-,-,-,-,-
2020,Sumatera Utara,Kota Sibolga,10.77,0.005,0.05,0.01,-,-,-,-,-,-,-,-,-,-
2020,Sumatera Utara,Kota Tanjung Balai,60.52,,,-,-,-,-,-,-,-,-,-,-,-
2020,Sumatera Utara,Kota Tebing Tinggi,38.44,12.6468,32.9,5.83,-,4.72,1.35,-,0.12,-,-,-,-,0.62
2020,Sumatera Barat,Kab. Pesisir Selatan,"1,938.79",591.52876,30.51,0.2,0.05,306.89,164.77,119.62,-,-,-,-,-,-
2020,Sumatera Barat,Kab. Solok,"3,738.00",0.172,0,-,0.17,-,-,-,-,-,-,-,-,-
2020,Sumatera Barat,Kab. Sijunjung,"3,130.80",0.04009,0,0.03,-,0,0,-,0,-,-,-,-,-
2020,Sumatera Barat,Kab. Tanah Datar,"1,336.00",0.11826,0.01,0.03,0.08,0.01,-,-,-,-,-,-,-,-
2020,Sumatera Barat,Kab. Agam,"2,232.40",25.69414,1.15,0.29,-,2.6,3.16,4.3,-,-,12.71,2.64,-,-
2020,Sumatera Barat,Kab. Lima Puluh Kota,"335,430.00",0.0113,0,0.01,-,-,-,-,-,-,-,-,-,-
2020,Sumatera Barat,Kab. Pasaman,"3,947.60",11.82655,0.3,0,0.02,0.01,11.78,-,0.01,-,-,-,-,-
2020,Sumatera Barat,Kab. Dharmasraya,"3,346.00",0.0166,0,0.01,-,0,-,-,-,-,-,-,-,-
2020,Sumatera Barat,Kab. Solok Selatan,"3,590.00",0.4994,0.01,0.04,0.42,-,-,-,-,-,-,-,-,0.04
2020,Sumatera Barat,Kab. Pasaman Barat,"3,887.77",0.1065,0,0,0.03,0.02,-,0.05,-,-,-,-,-,-
2020,Sumatera Barat,Kota Padang,694.96,0.34567,0.05,0.09,0.24,0.01,-,-,-,-,-,-,-,-
2020,Sumatera Barat,Kota Solok,57.64,11.44754,19.86,0.12,11.31,0.01,-,-,0.01,-,-,-,-,-
2020,Sumatera Barat,Kota Sawahlunto,273.45,0.10987,0.04,0.01,0.08,0.03,-,-,-,-,-,-,-,-
2020,Sumatera Barat,Kota Padang Panjang,23,1.13343,4.93,0.03,0.95,0.03,0,-,0.12,-,0,0.01,-,-
2020,Sumatera Barat,Kota Bukittinggi,25.24,0.05977,0.24,0.06,-,-,-,-,-,-,-,-,-,-
2020,Sumatera Barat,Kota Payakumbuh,80.43,3.99827,4.97,2.15,0.62,0.05,-,-,0.12,0.39,0.43,0.24,-,-
2020,Riau,Kab. Kampar,"11,289.28",2.53656,0.02,0.63,0.14,0.01,-,-,0.07,-,-,1.69,-,-
2020,Riau,Kab. Indragiri Hulu,"8,198.26",,,-,-,-,-,-,-,-,-,-,-,-
2020,Riau,Kab. Bengkalis,7.77,0.13026,1.68,0.02,-,-,-,-,0.11,-,-,-,-,-
2020,Riau,Kab. Indragiri Hilir,13.53,,,-,-,-,-,-,-,-,-,-,-,-
2020,Riau,Kab. Pelalawan,"12,614.78",,,-,-,-,-,-,-,-,-,-,-,-
2020,Riau,Kab. Rokan Hulu,"7,588.13",,,-,-,-,-,-,-,-,-,-,-,-
2020,Riau,Kab. Rokan Hilir,"8,881.59",0.304,0,0.02,0.07,0.05,-,-,0.16,-,-,-,-,-
2020,Riau,Kab. Siak,"8,580.92",0.84019,0.01,0.44,0.33,0.04,-,-,0.03,-,-,-,-,-
2020,Riau,Kab. Kuantan Singingi,"7,656.03",,,-,-,-,-,-,-,-,-,-,-,-
2020,Riau,Kota Pekanbaru,632.3,2.00081,0.32,0.1,1.74,0.16,-,-,-,-,-,-,-,-
2020,Riau,Kota Dumai,"1,727,385.00",,,-,-,-,-,-,-,-,-,-,-,-
2020,Jambi,Kab. Merangin,"7,679.00","1,214.73",15.82,0.09,18.52,0.02,10.09,-,4.11,-,"1,171.51",10.39,-,-
2020,Jambi,Kab. Sarolangun,"6,174.00",0.03965,0,0.03,0.01,-,-,-,-,-,-,-,-,-
2020,Jambi,Kab. Batanghari,"41,797.00",0.1338,0,0.03,0.03,0.07,-,-,-,-,-,-,-,0.01
2020,Jambi,Kab. Tanjung Jabung Barat,,,,-,-,-,-,-,-,-,-,-,-,-
2020,Jambi,Kab. Tanjung Jabung Timur,"5,445.00",,,-,-,-,-,-,-,-,-,-,-,-
2020,Jambi,Kab. Bungo,"4,659.00",758.79479,16.29,0.39,756.43,0.02,0.01,-,1.95,-,-,-,-,-
2020,Jambi,Kab. Tebo,"6,461.00",,,-,-,-,-,-,-,-,-,-,-,-
2020,Jambi,Kota Jambi,205.38,0.88889,0.43,0.12,0.63,0.06,-,-,0.08,-,-,-,-,-
2020,Sumatera Selatan,Kab. Ogan Komering Ulu,"4,707.06",0.03681,0,0.02,0,0.01,0,-,-,0,-,-,-,-
2020,Sumatera Selatan,Kab. Muara Enim,187.08,0.42191,0.23,0.24,0.18,-,-,-,-,-,-,-,-,-
2020,Sumatera Selatan,Kab. Lahat,"4,361.83",0.32085,0.01,0.13,0.12,0.07,-,-,0,-,-,-,-,-
2020,Sumatera Selatan,Kab. Musi Rawas,"6,357.09",0.17285,0,0.08,0.07,0.02,-,-,-,-,-,-,-,-
2020,Sumatera Selatan,Kab. Musi Banyuasin,"14,265.96","6,634.09",46.5,0.71,"6,633.19",0.19,-,-,0.01,-,-,-,-,-
2020,Sumatera Selatan,Kab. Banyuasin,"11,875.00",294.95725,2.48,0.01,-,-,294.78,0.04,0.04,-,-,-,-,0.09
2020,Sumatera Selatan,Kab. Ogan Komering Ulu Timur,102.16,0.05422,0.05,0,0.05,-,-,-,-,-,-,-,-,-
2020,Sumatera Selatan,Kab. Ogan Ilir,"2,666.07",,,-,-,-,-,-,-,-,-,-,-,-
2020,Sumatera Selatan,Kota Palembang,400.61,43.82521,10.94,35.14,0.67,0.81,0.12,-,1.42,0.1,-,-,-,5.56
2020,Sumatera Selatan,Kota Lubuk Linggau,"401,500.00",,,-,-,-,-,-,-,-,-,-,-,-
2020,Sumatera Selatan,Kota Prabumulih,434.46,4.53844,1.04,0.35,0.1,0.24,0.89,-,0.53,0.85,1,0.27,-,0.31
2020,Bengkulu,Kab. Bengkulu Selatan,"1,186.10",27.32482,2.3,0.13,0.18,0.02,27,-,-,-,-,-,-,-
2020,Bengkulu,Kab. Bengkulu Utara,"4,424.60",4.38385,0.1,0.02,4.33,0.03,-,-,-,-,-,-,-,-
2020,Bengkulu,Kab. Lebong,"19,218,200.00",0.11494,0,0.02,0.1,-,-,-,-,-,-,-,-,-
2020,Bengkulu,Kab. Kepahiang,665,0,0,0,-,-,-,-,-,-,-,-,-,-
2020,Bengkulu,Kab. Bengkulu Tengah,"1,223.94",,,-,-,-,-,-,-,-,-,-,-,-
2020,Lampung,Kab. Lampung Barat,"3,368.14",0.24275,0.01,0.23,0.02,-,-,-,-,-,-,-,-,-
2020,Lampung,Kab. Tulang Bawang,"3,466.32",,,-,-,-,-,-,-,-,-,-,-,-
2020,Lampung,Kab. Tanggamus,"4,654.96",0.02688,0,0.01,0.01,0,-,0.01,-,-,-,0,-,-
2020,Lampung,Kab. Way Kanan,"3,921.63",399.35234,10.18,0.4,0.04,128.58,249.61,-,13.92,3.59,2.61,0.62,-,-
2020,Lampung,Kab. Pesawaran,"1,173.77",0.10735,0.01,0.11,-,-,-,-,-,-,-,-,-,-
2020,Lampung,Kab. Pringsewu,625,,,-,-,-,-,-,-,-,-,-,-,-
2020,Lampung,Kota Bandar Lampung,197.22,5.01358,2.54,-,2.03,0.2,0.65,1.28,-,0.12,-,-,-,0.73
2020,Lampung,Kota Metro,68.74,0.28922,0.42,0.29,-,-,0,-,-,-,-,-,-,-
2020,Kepulauan Bangka Belitung,Kab. Bangka,100,0.91252,0.91,0,0.05,0.08,0.11,0.4,0.26,-,-,-,-,-
2020,Kepulauan Bangka Belitung,Kab. Belitung,"2,293.69",434.5612,18.95,0.61,-,-,2.98,0.91,0.71,-,-,-,-,429.35
2020,Kepulauan Bangka Belitung,Kab. Bangka Selatan,"3,607.08",309.46519,8.58,0.18,0.03,0.04,0.78,1.81,0.3,-,-,306.33,-,-
2020,Kepulauan Bangka Belitung,Kab. Bangka Tengah,"2,279.11",462.47473,20.29,1.4,440.3,0.3,8.27,4.16,6.55,-,-,1.51,-,-
2020,Kepulauan Bangka Belitung,Kab. Bangka Barat,"2,821.00",114.71404,4.07,0.1,0.25,0.32,0,0.45,0.29,-,-,-,-,113.31
2020,Kepulauan Bangka Belitung,Kab. Belitung Timur,"2,506.91",,,-,-,-,-,-,-,-,-,-,-,-
2020,Kepulauan Bangka Belitung,Kota Pangkal Pinang,118.4,,,-,-,-,-,-,-,-,-,-,-,-
2020,Kepulauan Riau,Kab. Bintan,"1,946.13",2.2074,0.11,0.12,0.02,0.05,-,-,2.01,-,-,-,-,-
2020,Kepulauan Riau,Kab. Karimun,"1,524.00",3.61916,0.24,0.03,0.14,0,-,-,1.4,-,-,2.05,-,-
2020,Kepulauan Riau,Kab. Natuna,"2,009.04",,,-,-,-,-,-,-,-,-,-,-,-
2020,Kepulauan Riau,Kab. Lingga,"2,266.77",,,-,-,-,-,-,-,-,-,-,-,-
2020,Kepulauan Riau,Kab. Kepulauan Anambas,590.14,0.02761,0,0,-,-,-,-,0.02,-,-,-,-,0.01
2020,Kepulauan Riau,Kota Batam,"1,595.00",2.11942,0.13,0.08,0.34,0.02,-,1.55,0.13,-,-,-,-,-
2020,Kepulauan Riau,Kota Tanjung Pinang,144.56,4.31992,2.99,0.14,3.91,0.04,-,-,0.23,-,-,-,-,-
2020,DKI Jakarta,Kab. Adm. Kep. Seribu,8.7,0.11535,1.33,0.02,-,-,-,0.04,0.05,-,-,-,-,0
2020,DKI Jakarta,Kota Adm. Jakarta Pusat,48.13,0.83096,1.73,0.1,-,0.36,-,-,0.38,-,-,-,-,-
2020,DKI Jakarta,Kota Adm. Jakarta Utara,140,3.37358,2.41,0.43,0.19,2.15,-,-,0.61,-,-,-,-,-
2020,DKI Jakarta,Kota Adm. Jakarta Barat,124.4,0.05275,0.04,-,-,-,-,-,-,-,-,-,-,0.05
2020,DKI Jakarta,Kota Adm. Jakarta Selatan,154.3,,,-,-,-,-,-,-,-,-,-,-,-
2020,DKI Jakarta,Kota Adm. Jakarta Timur,182.7,3.50679,1.92,0.51,0.3,0.8,-,-,1.9,-,-,-,-,-
2020,Jawa Barat,Kab. Sukabumi,"4,162.00",1.79459,0.04,0.05,1.73,0.01,-,-,-,-,-,-,-,-
2020,Jawa Barat,Kab. Bandung,"1,762.00",280.7176,15.93,51.84,12.88,162.06,1.01,-,45.45,1.22,4.84,0.01,-,1.34
2020,Jawa Barat,Kab. Garut,"3,065.19",,,-,-,-,-,-,-,-,-,-,-,-
2020,Jawa Barat,Kab. Ciamis,"1,425.00",7.8701,0.55,0.09,0.33,0.11,0.7,-,0.68,0.34,-,4.96,0.01,0.59
2020,Jawa Barat,Kab. Kuningan,"1,178.58",,,-,-,-,-,-,-,-,-,-,-,-
2020,Jawa Barat,Kab. Cirebon,"1,070.29",0.15766,0.01,0.03,0.03,0.09,-,-,0,-,-,-,-,-
2020,Jawa Barat,Kab. Sumedang,"1,558.72",0.50456,0.03,0.02,0.35,0.03,-,-,0.11,-,-,-,-,-
2020,Jawa Barat,Kota Bogor,"11,850.00",1.83999,0.02,0.49,0.01,0.7,-,-,0.64,-,-,-,-,-
2020,Jawa Barat,Kota Sukabumi,48.2,2.67204,5.54,0.06,0.05,1.91,0.01,-,0.65,-,-,-,-,-
2020,Jawa Barat,Kota Bandung,167.31,,,-,-,-,-,-,-,-,-,-,-,-
2020,Jawa Barat,Kota Bekasi,210.49,0.1046,0.05,0.08,0.02,-,-,-,-,-,-,-,-,-
2020,Jawa Barat,Kota Depok,200.29,0.68557,0.34,0.23,0.07,0.05,-,-,0.33,-,-,-,-,-
2020,Jawa Barat,Kota Cimahi,42.73,0.37212,0.87,0.06,0.13,0.07,-,-,0.11,-,-,-,-,-
2020,Jawa Barat,Kota Banjar,132,36.61571,27.74,0.51,0.08,0.04,0.65,-,0.02,0.02,-,-,-,35.31
2020,Jawa Tengah,Kab. Cilacap,425.65,41.92403,9.85,1.66,0.68,1.83,32.14,1.12,1.7,0.9,1.52,0.39,-,-
2020,Jawa Tengah,Kab. Banyumas,"1,328.00",,,-,-,-,-,-,-,-,-,-,-,-
2020,Jawa Tengah,Kab. Banjarnegara,"1,069.73",0.02918,0,0.02,0.01,-,-,-,-,-,-,-,-,-
2020,Jawa Tengah,Kab. Kebumen,"1,281.12",16.01923,1.25,0.48,0.01,15.09,-,-,0.43,-,-,-,-,-
2020,Jawa Tengah,Kab. Purworejo,"1,034.84",0.38122,0.04,0.15,0.06,0,0.01,-,0.16,-,-,-,-,-
2020,Jawa Tengah,Kab. Wonosobo,"98,468.00",0,0,0,0,0,-,-,-,-,-,-,-,-
2020,Jawa Tengah,Kab. Magelang,"1,085.73",0.5905,0.05,0.02,0.13,0.23,0.01,-,0.2,-,-,-,-,-
2020,Jawa Tengah,Kab. Boyolali,"1,096.35",0.06767,0.01,0.07,0,-,-,-,-,-,-,-,-,-
2020,Jawa Tengah,Kab. Klaten,655.56,0.19634,0.03,0.2,-,-,-,-,-,-,-,-,-,-
2020,Jawa Tengah,Kab. Sukoharjo,466.66,0.28362,0.06,0.03,0,-,-,-,0.25,-,-,-,-,-
2020,Jawa Tengah,Kab. Wonogiri,"1,822.36",693.84427,38.07,0.02,693.82,0,-,-,-,-,-,-,-,-
2020,Jawa Tengah,Kab. Sragen,941.55,117.42213,12.47,0.13,60.09,42.7,10.63,-,0.52,0.38,0.11,2.87,-,-
2020,Jawa Tengah,Kab. Grobogan,"2,022.25",0.7053,0.03,0.71,-,-,-,-,-,-,-,-,-,-
2020,Jawa Tengah,Kab. Blora,"1,820.95",,,-,-,-,-,-,-,-,-,-,-,-
2020,Jawa Tengah,Kab. Rembang,"1,014.08",1.37809,0.14,0.08,1.28,0.02,-,-,-,-,-,-,-,-
2020,Jawa Tengah,Kab. Pati,"1,503.68",,,-,-,-,-,-,-,-,-,-,-,-
2020,Jawa Tengah,Kab. Kudus,425.2,6.30079,1.48,0.05,0.01,0.12,5.73,-,0.38,-,-,-,-,-
2020,Jawa Tengah,Kab. Jepara,"1,004.13",178.43197,17.77,0.17,177.19,0.03,-,1.04,0.01,-,-,-,-,-
2020,Jawa Tengah,Kab. Semarang,"95,021.00",,,-,-,-,-,-,-,-,-,-,-,-
2020,Jawa Tengah,Kab. Temanggung,870.65,0.06434,0.01,0.05,0.01,0,-,-,-,-,-,-,-,-
2020,Jawa Tengah,Kab. Kendal,"1,002.23",0.07119,0.01,0.07,-,-,-,-,-,-,-,-,-,-
2020,Jawa Tengah,Kab. Batang,"78,864.00",0.298,0,0.21,0.02,-,0,0.07,-,-,-,-,-,-
2020,Jawa Tengah,Kab. Pekalongan,836.13,,,-,-,-,-,-,-,-,-,-,-,-
2020,Jawa Tengah,Kab. Pemalang,"1,115.00",150.178,13.47,0.18,-,-,-,-,-,-,-,150,-,-
2020,Jawa Tengah,Kab. Tegal,876.1,,,-,-,-,-,-,-,-,-,-,-,-
2020,Jawa Tengah,Kab. Brebes,"1,763.46",,,-,-,-,-,-,-,-,-,-,-,-
2020,Jawa Tengah,Kota Magelang,18.54,1.88699,10.18,0.79,0.69,0.05,0,-,0.35,-,-,-,-,-
2020,Jawa Tengah,Kota Salatiga,56.78,0.53456,0.94,0.16,0,0.01,-,-,0.37,-,-,-,-,-
2020,Jawa Tengah,Kota Semarang,373.7,109.35306,29.26,2.15,28.71,14.65,9.98,5.37,4.32,0.46,0.3,43.41,-,-
2020,Jawa Tengah,Kota Tegal,39.68,2.06065,5.19,0.2,0.09,0.76,0.49,0.52,-,-,-,-,-,-
2020,D.I. Yogyakarta,Kab. Kulon Progo,586.3,0.00421,0,0,0,-,-,-,-,-,-,-,-,-
2020,D.I. Yogyakarta,Kab. Bantul,506.85,0.00386,0,0,-,-,-,-,-,-,-,-,-,-
2020,D.I. Yogyakarta,Kab. Gunungkidul,"1,485.00",0.43284,0.03,0.06,0.07,0.07,-,0.13,0.11,-,-,-,-,-
2020,D.I. Yogyakarta,Kab. Sleman,574.82,0.00814,0,0.01,-,0,-,-,-,-,-,-,-,-
2020,D.I. Yogyakarta,Kota Yogyakarta,32.5,2.61539,8.05,0.47,0.17,0.77,0.43,-,0.34,0.11,-,-,-,0.32
2020,Jawa Timur,Kab. Pacitan,"1,390.00",584.33657,42.04,0.17,583.99,0.06,-,0.04,0.09,-,-,-,-,-
2020,Jawa Timur,Kab. Ponorogo,"137,178.00",0.11565,0,0.12,-,-,-,-,-,-,-,-,-,-
2020,Jawa Timur,Kab. Trenggalek,"1,261.00",3.3878,0.27,0.02,3.36,0.01,-,-,-,-,-,-,-,-
2020,Jawa Timur,Kab. Tulungagung,"1,055.65",2.50861,0.24,0.14,0.02,1.41,-,-,0.66,0.28,-,-,-,-
2020,Jawa Timur,Kab. Blitar,"1,588.79",0.03927,0,0.03,0.01,0,-,-,-,-,-,-,-,-
2020,Jawa Timur,Kab. Kediri,"1,386,050.00",0.13945,0,0.1,-,0.04,0,-,-,-,-,-,-,0
2020,Jawa Timur,Kab. Malang,"3,530.65",,,-,-,-,-,-,-,-,-,-,-,-
2020,Jawa Timur,Kab. Lumajang,"99,999.99",4.02368,0,0.1,0,3.92,-,-,-,-,-,-,-,-
2020,Jawa Timur,Kab. Banyuwangi,"5,782.50",2.44488,0.04,0.92,0.09,0.83,-,0.21,0.39,-,-,0,-,-
2020,Jawa Timur,Kab. Bondowoso,"1,560.10",0.05403,0,0.05,0.01,-,-,-,-,-,-,-,-,-
2020,Jawa Timur,Kab. Situbondo,"11,789.00",1.0478,0.01,0.13,0.05,0.08,-,0.79,-,-,-,-,-,-
2020,Jawa Timur,Kab. Probolinggo,"1,696.16",3.99245,0.24,0.04,0,0,0,3.88,0.03,0,-,0.04,-,-
2020,Jawa Timur,Kab. Pasuruan,"1,474.02",0.97925,0.07,0.01,0.88,-,-,-,0.09,-,-,-,-,-
2020,Jawa Timur,Kab. Sidoarjo,714.24,0.34084,0.05,0.1,0.03,0.1,0,-,0.1,0,-,-,-,-
2020,Jawa Timur,Kab. Mojokerto,692.2,,,-,-,-,-,-,-,-,-,-,-,-
2020,Jawa Timur,Kab. Jombang,"1,159.50",0.10924,0.01,0.1,0.01,0,-,-,-,-,-,-,-,-
2020,Jawa Timur,Kab. Nganjuk,"1,224.33",0.09722,0.01,0.07,0.03,-,-,-,-,-,-,-,-,-
2020,Jawa Timur,Kab. Madiun,"1,010.86",458.94199,45.4,0.24,0.03,0.01,-,-,-,-,-,-,2.01,456.65
2020,Jawa Timur,Kab. Magetan,688.84,0.09548,0.01,0.04,0.03,0.03,-,-,-,-,-,-,-,-
2020,Jawa Timur,Kab. Ngawi,"1,295.98",0.72214,0.06,0.55,0.12,0.05,-,-,0,-,-,-,-,-
2020,Jawa Timur,Kab. Bojonegoro,"2,307.06",15.81438,0.69,0.31,0.02,1.66,13.35,-,0.06,0.42,-,-,-,-
2020,Jawa Timur,Kab. Tuban,"1,839.94",16.7375,0.91,-,-,-,16.74,-,-,-,-,-,-,-
2020,Jawa Timur,Kab. Gresik,5.54,15.72823,283.9,1.09,2.14,0.75,0.14,0.04,0.29,0,-,11.28,-,-
2020,Jawa Timur,Kab. Sampang,"1,224.33",1.8989,0.16,0.02,0.01,0.57,-,1.3,-,-,-,-,-,-
2020,Jawa Timur,Kab. Pamekasan,792.2,21.25756,2.68,0.1,0,10.2,1.86,-,0.43,-,0.06,5.8,-,2.8
2020,Jawa Timur,Kab. Sumenep,"2,093.47",0.44003,0.02,0.02,0.05,0.07,0.14,-,0.16,-,-,-,-,-
2020,Jawa Timur,Kota Kediri,63.4,0.15798,0.25,0.1,0,0.03,0.02,-,-,-,-,0,-,-
2020,Jawa Timur,Kota Blitar,32.58,2.29036,7.03,0.1,0.03,0.07,1.45,-,0.22,0.08,0.33,0,-,-
2020,Jawa Timur,Kota Malang,110.06,1.55267,1.41,0.29,0.1,0.71,-,-,0.46,-,-,-,-,-
2020,Jawa Timur,Kota Probolinggo,56.67,0.1939,0.34,0.03,-,-,-,-,-,-,-,-,0.01,0.15
2020,Jawa Timur,Kota Pasuruan,35.29,0.09709,0.28,0.07,0.02,0.01,-,-,-,-,-,-,-,-
2020,Jawa Timur,Kota Mojokerto,20.21,0.05072,0.25,0.05,-,-,-,-,-,-,-,-,-,-
2020,Jawa Timur,Kota Madiun,33.23,2.55566,7.69,0.69,0.15,0.33,0.95,-,0.44,-,-,-,-,-
2020,Jawa Timur,Kota Surabaya,334.51,56.55573,16.91,0.61,0.66,2.15,2.82,41.24,5.47,0.92,0.71,1.98,-,-
2020,Jawa Timur,Kota Batu,199.09,0.79964,0.4,0,0.02,0.01,-,-,0.77,-,-,-,-,-
2020,Banten,Kab. Lebak,"3,305.07",5.53015,0.17,1.71,0.03,0.05,1.63,0.02,1.75,0.01,0.32,-,-,-
2020,Banten,Kota Tangerang,164.55,0.61153,0.37,0.11,0.01,0.19,0.2,-,0.1,-,-,-,-,-
2020,Banten,Kota Cilegon,175.51,,,-,-,-,-,-,-,-,-,-,-,-
2020,Banten,Kota Serang,266.74,0.17512,0.07,0.16,0.01,-,-,-,-,-,-,-,-,-
2020,Banten,Kota Tangerang Selatan,147.19,0.27454,0.19,0.08,0.17,0.03,-,-,-,-,-,-,-,-
2020,Bali,Kab. Jembrana,841.8,0.41452,0.05,0.35,0,0.04,-,-,-,-,-,-,-,0.02
2020,Bali,Kab. Tabanan,"83,933.00",53.10619,0.06,20.13,0.22,-,0.02,-,0.04,-,-,-,-,32.71
2020,Bali,Kab. Badung,420.1,0.12564,0.03,0.13,-,-,-,-,-,-,-,-,-,-
2020,Bali,Kab. Gianyar,368,,,-,-,-,-,-,-,-,-,-,-,-
2020,Bali,Kab. Klungkung,315,0.0656,0.02,0.07,-,-,-,-,-,-,-,-,-,-
2020,Bali,Kab. Bangli,520.81,1.25644,0.24,0.02,1.22,0.01,-,-,-,-,-,-,-,-
2020,Bali,Kab. Karangasem,839.5,0.03229,0,0.01,0,0.02,0,-,-,-,-,-,-,-
2020,Bali,Kab. Buleleng,"1,366.00",0.25944,0.02,0.05,0.02,0.13,-,-,0.06,-,-,-,-,-
2020,Nusa Tenggara Barat,Kab. Lombok Barat,"105,392.00",0.01103,0,0.01,-,-,-,-,-,-,-,-,-,-
2020,Nusa Tenggara Barat,Kab. Lombok Timur,"2,679.88",,,-,-,-,-,-,-,-,-,-,-,-
2020,Nusa Tenggara Barat,Kab. Lombok Utara,809.53,0.01023,0,0.01,-,-,-,-,-,-,-,-,-,-
2020,Nusa Tenggara Barat,Kota Mataram,61.3,0.05888,0.1,0.02,0.04,-,-,-,-,-,-,-,-,-
2020,Nusa Tenggara Timur,Kab. Manggarai,"2,096.44",,,-,-,-,-,-,-,-,-,-,-,-
2020,Nusa Tenggara Timur,Kab. Sumba Timur,"7,000.00",,,-,-,-,-,-,-,-,-,-,-,-
2020,Nusa Tenggara Timur,Kab. Nagekeo,"1,416.96",0.01145,0,0.01,-,-,-,0,-,-,-,-,-,-
2020,Nusa Tenggara Timur,Kab. Sumba Tengah,"1,869.18",0.32,0.02,0.31,-,-,-,-,-,-,-,-,0.01,-
2020,Nusa Tenggara Timur,Kab. Manggarai Timur,152.5,,,-,-,-,-,-,-,-,-,-,-,-
2020,Kalimantan Barat,Kab. Sambas,"6,395.70",0.09999,0,0.02,0.03,0.01,0.04,-,-,-,-,-,-,-
2020,Kalimantan Barat,Kab. Mempawah,"2,797.88",,,-,-,-,-,-,-,-,-,-,-,-
2020,Kalimantan Barat,Kab. Sanggau,"12,857.70",0.70314,0.01,0.45,0.25,-,-,-,-,-,0,-,-,-
2020,Kalimantan Barat,Kab. Ketapang,"31,588.00",0.11088,0,0.03,-,0.08,-,-,-,-,-,-,-,-
2020,Kalimantan Barat,Kab. Bengkayang,"5,396.30",0.195,0,0.03,-,-,-,-,0.16,-,-,-,-,-
2020,Kalimantan Barat,Kab. Melawi,"10,640.80",,,-,-,-,-,-,-,-,-,-,-,-
2020,Kalimantan Barat,Kota Pontianak,107.8,0.02546,0.02,0.03,-,-,-,-,-,-,-,-,-,0
2020,Kalimantan Tengah,Kab. Kotawaringin Barat,"10,759.00",11.17131,0.1,0.31,8.76,0.05,-,-,0.05,-,-,-,-,2
2020,Kalimantan Tengah,Kab. Kotawaringin Timur,"16,796.00",4.05045,0.02,0.05,2.58,1.43,-,-,-,-,-,-,-,-
2020,Kalimantan Tengah,Kab. Kapuas,"14,999.00",0.13761,0,0.03,0.01,0.07,-,-,0.03,-,-,-,-,-
2020,Kalimantan Tengah,Kab. Barito Utara,"8,300.00",0.06761,0,0.05,0,0,0.01,-,-,-,-,-,-,-
2020,Kalimantan Tengah,Kab. Seruyan,"16,404.00",,,-,-,-,-,-,-,-,-,-,-,-
2020,Kalimantan Tengah,Kab. Sukamara,"3,827.00",,,-,-,-,-,-,-,-,-,-,-,-
2020,Kalimantan Tengah,Kab. Lamandau,"6,414.00",406.6618,6.34,0.06,10.02,0.06,109.46,-,0.05,-,-,4.26,0.12,172.86
2020,Kalimantan Tengah,Kab. Gunung Mas,"10,084.00",,,-,-,-,-,-,-,-,-,-,-,-
2020,Kalimantan Tengah,Kab. Pulang Pisau,"8,997.00",0.07852,0,0.01,0.07,-,-,-,-,-,-,-,-,-
2020,Kalimantan Tengah,Kab. Murung Raya,"23,700.16",0.05351,0,-,0.01,-,0,-,0.01,-,-,-,-,0.03
2020,Kalimantan Tengah,Kab. Barito Timur,"3,834.00",0.00683,0,0.01,-,-,-,-,-,-,-,-,-,-
2020,Kalimantan Tengah,Kota Palangkaraya,"2,853.52",91.58408,3.21,0.18,89.78,0.13,-,-,1.49,-,-,-,-,-
2020,Kalimantan Selatan,Kab. Tanah Laut,"3,631.00",1.97103,0.05,0.8,0.83,0,0.01,0.27,0.06,-,-,-,-,-
2020,Kalimantan Selatan,Kab. Kotabaru,"9,442.46",3.10251,0.03,0.02,3,-,-,0,0.08,-,-,-,-,-
2020,Kalimantan Selatan,Kab. Banjar,"4,668.50",0.08738,0,0.09,-,-,-,-,-,-,-,-,-,-
2020,Kalimantan Selatan,Kab. Barito Kuala,"2,996.46",0.62651,0.02,0.06,0.52,0.01,0,-,0.03,-,-,-,-,-
2020,Kalimantan Selatan,Kab. Tapin,"2,174.95",2.027,0.09,1.08,0.05,0.2,0.7,-,0,-,-,-,-,-
2020,Kalimantan Selatan,Kab. Hulu Sungai Selatan,"1,804.94",549.84403,30.46,0.11,0.09,0.08,362.98,-,0.02,-,-,-,-,186.56
2020,Kalimantan Selatan,Kab. Hulu Sungai Tengah,"1,770.77",0.09388,0.01,0,0,0.08,-,-,0.01,-,-,-,-,-
2020,Kalimantan Selatan,Kab. Hulu Sungai Utara,915.05,,,-,-,-,-,-,-,-,-,-,-,-
2020,Kalimantan Selatan,Kab. Tabalong,"3,556.00",0.8175,0.02,0.26,0.04,0.48,-,-,0.04,-,-,-,-,-
2020,Kalimantan Selatan,Kab. Tanah Bumbu,"5,066.96",,,-,-,-,-,-,-,-,-,-,-,-
2020,Kalimantan Selatan,Kab. Balangan,"1,878.30",1.00095,0.05,0.07,0.13,0.01,0,-,0.05,-,-,0.1,-,0.64
2020,Kalimantan Selatan,Kota Banjarmasin,98.46,1.21386,1.23,0.12,-,1.07,-,-,0.03,-,-,-,-,-
2020,Kalimantan Selatan,Kota Banjarbaru,371.38,52.15335,14.04,0.81,2.18,0.04,47.75,-,1.11,-,0.25,-,-,0.01
2020,Kalimantan Timur,Kab. Paser,"11,603.94",0.5173,0,0.37,0.01,0.02,-,-,0.12,-,-,-,-,-
2020,Kalimantan Timur,Kab. Kutai Kartanegara,"27,263.10",76.40028,0.28,76.39,-,-,-,-,-,-,-,-,0.01,-
2020,Kalimantan Timur,Kab. Berau,"34,127.47",31.59324,0.09,0.02,18.4,0.01,0.03,13.14,-,-,-,-,-,-
2020,Kalimantan Timur,Kab. Kutai Timur,"35,747.50",0.49,0,0.27,0.22,-,-,-,-,-,-,-,-,-
2020,Kalimantan Timur,Kab. Penajam Paser Utara,"3,333.00",0.9718,0.03,0.09,-,0.09,-,-,0.79,-,-,-,0,-
2020,Kalimantan Timur,Kota Balikpapan,503.3,187.07838,37.17,0.08,183.98,0.01,-,0.4,0.83,-,-,1.71,0.06,-
2020,Kalimantan Timur,Kota Samarinda,718,3.61777,0.5,0.22,3.34,0.06,-,-,-,-,-,-,-,-
2020,Kalimantan Timur,Kota Bontang,161.88,32.06916,19.81,13.15,0.61,0.05,0.69,13.48,0.16,-,-,-,-,3.94
2020,Kalimantan Utara,Kab. Nunukan,"14,247.50","4,880.60",34.26,0.22,"4,880.01",0.12,-,0.09,0.15,-,-,-,-,-
2020,Kalimantan Utara,Kab. Tana Tidung,"4,828.58",,,-,-,-,-,-,-,-,-,-,-,-
2020,Kalimantan Utara,Kota Tarakan,250.8,98.60666,39.32,0.18,7.08,0.02,2.09,0,0.44,-,0.19,0.33,-,88.29
2020,Sulawesi Utara,Kab. Bolaang Mongondow,"3,506.24",,,-,-,-,-,-,-,-,-,-,-,-
2020,Sulawesi Utara,Kab. Minahasa,"1,141.64",,,-,-,-,-,-,-,-,-,-,-,-
2020,Sulawesi Utara,Kab. Kepulauan Sangihe,737,,,-,-,-,-,-,-,-,-,-,-,-
2020,Sulawesi Utara,Kab. Kepulauan Talaud,"1,251.02",0.19,0.02,0.02,-,0.1,-,0.05,0.02,-,-,-,-,-
2020,Sulawesi Utara,Kab. Minahasa Selatan,"1,456.46",0.0064,0,0,0,-,-,-,-,-,-,-,-,-
2020,Sulawesi Utara,Kab. Minahasa Utara,"1,059.00",1.28611,0.12,0,1.28,0.01,-,-,-,-,-,-,-,-
2020,Sulawesi Utara,Kab. Minahasa Tenggara,"73,062.00",0.00581,0,0.01,-,-,-,-,-,-,-,-,-,-
2020,Sulawesi Utara,Kab. Bolaang Mongondow Utara,"1,856.00",0.00038,0,-,0,-,-,-,-,-,-,-,-,-
2020,Sulawesi Utara,Kab. Kep. Siau Tagulandang Biaro,,,,-,-,-,-,-,-,-,-,-,-,-
2020,Sulawesi Utara,Kab. Bolaang Mongondow Timur,,,,-,-,-,-,-,-,-,-,-,-,-
2020,Sulawesi Utara,Kota Tomohon,34.08,0.2858,0.84,0.26,0.03,-,-,-,0,-,-,-,-,-
2020,Sulawesi Utara,Kota Kotamobagu,108.89,18.5224,17.01,0.06,0.04,0.01,-,-,-,-,-,-,-,18.41
2020,Sulawesi Tengah,Kab. Banggai,"9,672.70",0.14678,0,0.15,-,-,-,-,-,-,-,-,-,-
2020,Sulawesi Tengah,Kab. Poso,"7,112.25",0.00316,0,0,-,-,-,-,-,-,-,-,-,-
2020,Sulawesi Tengah,Kab. Donggala,"5,275.69",0.28904,0.01,0.05,0.21,0,-,-,0.04,-,-,-,-,-
2020,Sulawesi Tengah,Kab. Parigi Moutong,"6,231.85",0.06198,0,0.02,0.04,-,-,-,-,-,-,-,-,-
2020,Sulawesi Tengah,Kab. Sigi,"5,196.02",,,-,-,-,-,-,-,-,-,-,-,-
2020,Sulawesi Tengah,Kab. Banggai Laut,725.67,0.009,0,0.01,-,-,-,-,-,-,-,-,-,-
2020,Sulawesi Tengah,Kab. Morowali Utara,"18,362.39",0,0,0,-,-,-,-,-,-,-,-,-,-
2020,Sulawesi Tengah,Kota Palu,395.06,9.94641,2.52,0.06,-,0,-,-,0.37,-,-,-,-,9.51
2020,Sulawesi Selatan,Kab. Kepulauan Selayar,"1,357.03",0.14725,0.01,0,0.15,-,-,-,-,-,-,-,-,-
2020,Sulawesi Selatan,Kab. Bulukumba,"1,154.58",1.99088,0.17,0.08,0.01,0.91,0.35,0.63,-,-,-,-,-,-
2020,Sulawesi Selatan,Kab. Bantaeng,395.83,0.47738,0.12,0.24,0.06,0.1,0.04,-,0.05,-,-,-,-,-
2020,Sulawesi Selatan,Kab. Jeneponto,747.79,,,-,-,-,-,-,-,-,-,-,-,-
2020,Sulawesi Selatan,Kab. Sinjai,819.96,,,-,-,-,-,-,-,-,-,-,-,-
2020,Sulawesi Selatan,Kab. Bone,"4,593.00",6.7757,0.15,0.17,0.16,6.44,-,-,-,-,-,-,-,-
2020,Sulawesi Selatan,Kab. Maros,"1,619.12",0.002,0,0,-,-,-,-,-,-,-,-,-,-
2020,Sulawesi Selatan,Kab. Pangkajene Kepulauan,"1,112.29",0.02059,0,0.01,0.02,-,-,-,-,-,-,-,-,-
2020,Sulawesi Selatan,Kab. Barru,"1,174.72",0.54343,0.05,0.04,0.05,0.02,0,0.3,0.13,-,-,-,-,-
2020,Sulawesi Selatan,Kab. Soppeng,"1,500.00",1.74712,0.12,0.01,0.01,0,-,-,0.06,-,-,-,-,1.66
2020,Sulawesi Selatan,Kab. Wajo,"2,506.19",70.88666,2.83,0.02,1.03,0.24,66.31,3.18,0.1,-,-,-,-,-
2020,Sulawesi Selatan,Kab. Sidenreng Rappang,"1,883.25",0.24,0.01,0.05,0.04,0.14,-,-,-,-,-,-,-,-
2020,Sulawesi Selatan,Kab. Enrekang,"1,786.01",0.04944,0,0.01,0,0.04,-,-,0,-,-,-,-,-
2020,Sulawesi Selatan,Kab. Luwu,"3,000.25",0.19736,0.01,0.18,0.01,0.01,-,-,-,-,-,-,-,-
2020,Sulawesi Selatan,Kab. Luwu Utara,"7,502.58",0.12472,0,0.09,-,0.04,-,-,-,-,-,-,-,-
2020,Sulawesi Selatan,Kab. Luwu Timur,"6,944.88",7.56861,0.11,0.12,7.4,0.01,-,-,0.04,-,-,-,-,-
2020,Sulawesi Selatan,Kota Makassar,175.77,4.69123,2.67,0.19,0.78,0.58,2.41,-,0.71,-,-,-,-,0.02
2020,Sulawesi Selatan,Kota Pare Pare,99.33,20.57875,20.72,0.18,7.5,0.01,2.32,5.05,0.23,-,-,5.29,-,-
2020,Sulawesi Selatan,Kota Palopo,247.5,1.0127,0.41,1.01,0,0,-,-,-,-,-,-,-,-
2020,Sulawesi Tenggara,Kab. Kolaka,"3,283.64","3,145.80",95.8,0.15,0.09,0.19,-,0.63,0.06,-,0.09,-,-,"3,144.59"
2020,Sulawesi Tenggara,Kab. Kolaka Utara,"339,162.00",0.65627,0,0.15,0.5,-,-,-,-,-,-,-,-,-
2020,Sulawesi Tenggara,Kab. Kolaka Timur,"3,654.74",0.0014,0,-,-,0,-,-,-,-,-,-,-,-
2020,Sulawesi Tenggara,Kota Kendari,271.76,,,-,-,-,-,-,-,-,-,-,-,-
2020,Gorontalo,Kab. Gorontalo,"1,751.00",0.9898,0.06,0.06,0.93,-,-,-,-,-,-,-,-,-
2020,Gorontalo,Kab. Pohuwato,"445,743.00",0.02976,0,0.03,-,-,-,-,-,-,-,-,-,-
2020,Gorontalo,Kota Gorontalo,64.79,0.02013,0.03,0.02,-,-,-,-,-,-,-,-,-,-
2020,Sulawesi Barat,Kab. Pasangkayu,"3,043.65",,,-,-,-,-,-,-,-,-,-,-,-
2020,Sulawesi Barat,Kab. Polewali Mandar,"2,022.30",25.98761,1.29,0.4,2.08,0.09,21.12,1.34,0.05,-,0,0.83,-,0.06
2020,Sulawesi Barat,Kab. Majene,947.84,0.01145,0,0.01,-,-,-,-,-,-,-,-,-,-
2020,Maluku,Kab. Maluku Tenggara,"4,049.00",0.79882,0.02,0.01,0.08,0.66,-,-,0.05,-,-,-,-,-
2020,Maluku,Kab. Maluku Barat Daya,"8,633.15",0.037,0,0.04,-,-,-,-,-,-,-,-,-,-
2020,Maluku,Kota Ambon,45.47,1.67342,3.68,0.19,0.12,0.86,0.25,0.12,0.13,-,-,-,-,-
2020,Maluku Utara,Kab. Pulau Morotai,"4,301.53",0.06737,0,0.05,0.02,-,-,-,-,-,-,-,-,-
2020,Maluku Utara,Kota Ternate,579.54,0.02589,0,0.01,0.01,0,-,0,0,-,-,0,-,-
2020,Maluku Utara,Kota Tidore Kepulauan,"2,875.09",15.3429,0.53,5.36,9.89,0.07,-,0.02,-,-,-,-,-,-
2020,Papua,Kab. Biak Numfor,"2,269.84",680.99592,30,0.02,7.6,0.88,667.16,2.23,0.03,-,-,2.85,-,0.23
2020,Papua,Kota Jayapura,490,0.04885,0.01,0.01,0.04,-,-,-,-,-,-,-,-,-
2020,Papua Barat,Kab. Manokwari,"4,650.32",,,-,-,-,-,-,-,-,-,-,-,-
2020,Papua Barat,Kab. Sorong Selatan,"7,789.92",0.00025,0,0,-,-,-,-,-,-,-,-,-,-
2020,Papua Barat,Kab. Raja Ampat,"67,379,600.00",77.63765,0,0,0,75.15,1.24,0.83,-,-,-,-,-,0.15
2019,Aceh,Kab. Aceh Selatan,"4,173.82",0.04107,0,0.02,-,-,-,0.02,-,-,-,-,-,-
2019,Aceh,Kab. Aceh Timur,"6,041.00",0.0757,0,0.05,0.03,-,-,-,-,-,-,-,-,-
2019,Aceh,Kab. Aceh Tengah,"4,527.53",1.11171,0.02,0.32,0.02,0.02,0.6,0.15,0.01,-,-,-,-,-
2019,Aceh,Kab. Aceh Besar,2.9,,,-,-,-,-,-,-,-,-,-,-,-
2019,Aceh,Kab. Simeulue,"1,838.09",0.028,0,0.03,-,-,-,-,-,-,-,-,-,-
2019,Aceh,Kab. Aceh Barat Daya,"1,882.05",,,-,-,-,-,-,-,-,-,-,-,-
2019,Aceh,Kab. Gayo Lues,"5,549.91",0.89272,0.02,-,0.89,-,0,-,-,-,-,-,-,-
2019,Aceh,Kab. Aceh Jaya,"3,727.00",0.8222,0.02,0.13,-,0.11,0.18,0.4,-,-,-,-,-,-
2019,Aceh,Kab. Aceh Tamiang,"1,957.02",,,-,-,-,-,-,-,-,-,-,-,-
2019,Aceh,Kab. Bener Meriah,1.94,,,-,-,-,-,-,-,-,-,-,-,-
2019,Aceh,Kota Banda Aceh,59.02,2.21849,3.76,0.93,-,-,1.29,-,-,-,-,-,-,-
2019,Aceh,Kota Sabang,122.13,0.00754,0.01,0.01,-,-,-,-,-,-,-,-,-,-
2019,Aceh,Kota Langsa,239.83,,,-,-,-,-,-,-,-,-,-,-,-
2019,Sumatera Utara,Kab. Langkat,"6,273.29",0.08584,0,0.01,0,0.08,-,-,-,-,-,-,-,-
2019,Sumatera Utara,Kab. Deli Serdang,"2,497.72",418.00092,16.74,12.81,368.51,6.34,0,21.13,9.21,-,-,-,-,-
2019,Sumatera Utara,Kab. Asahan,"3,732.97",0.21712,0.01,0.12,0.09,0.01,-,-,-,-,-,-,-,-
2019,Sumatera Utara,Kab. Dairi,"1,927.80",,,-,-,-,-,-,-,-,-,-,-,-
2019,Sumatera Utara,Kab. Nias Selatan,"2,488.00",0.0005,0,0,-,-,-,-,-,-,-,-,-,-
2019,Sumatera Utara,Kota Medan,265.1,0.0152,0.01,0.02,-,-,-,-,-,-,-,-,-,-
2019,Sumatera Utara,Kota Pematang Siantar,79.97,,,-,-,-,-,-,-,-,-,-,-,-
2019,Sumatera Utara,Kota Sibolga,10.77,0.005,0.05,0.01,-,-,-,-,-,-,-,-,-,-
2019,Sumatera Utara,Kota Tanjung Balai,60.52,,,-,-,-,-,-,-,-,-,-,-,-
2019,Sumatera Utara,Kota Tebing Tinggi,,,,-,-,-,-,-,-,-,-,-,-,-
2019,Sumatera Barat,Kab. Pesisir Selatan,"1,938.79",54.44746,2.81,0.2,0.05,54.2,-,-,-,-,-,-,-,-
2019,Sumatera Barat,Kab. Solok,,,,-,-,-,-,-,-,-,-,-,-,-
2019,Sumatera Barat,Kab. Sijunjung,"3,130.80",0.02762,0,0.02,-,0,-,-,0,-,-,-,-,-
2019,Sumatera Barat,Kab. Tanah Datar,"1,336.00",0.11826,0.01,0.03,0.08,0.01,-,-,-,-,-,-,-,-
2019,Sumatera Barat,Kab. Padang Pariaman,,,,-,-,-,-,-,-,-,-,-,-,-
2019,Sumatera Barat,Kab. Agam,"2,232.40",24.59553,1.1,0.1,-,1.7,3.16,4.3,-,-,12.71,2.64,-,-
2019,Sumatera Barat,Kab. Pasaman,"3,947.60",0.04881,0,0,0.02,0.01,-,-,0.01,-,-,-,-,-
2019,Sumatera Barat,Kab. Dharmasraya,"3,346.00",0.0166,0,0.01,-,0,-,-,-,-,-,-,-,-
2019,Sumatera Barat,Kab. Solok Selatan,"3,590.00",,,-,-,-,-,-,-,-,-,-,-,-
2019,Sumatera Barat,Kota Padang,694.96,0.34697,0.05,0.09,0.24,0.02,-,-,-,-,-,-,-,-
2019,Sumatera Barat,Kota Solok,57.64,11.46583,19.89,0.12,11.31,0.02,0,-,0.01,-,0.01,-,-,-
2019,Sumatera Barat,Kota Sawahlunto,273.45,0.10987,0.04,0.01,0.08,0.03,-,-,-,-,-,-,-,-
2019,Sumatera Barat,Kota Padang Panjang,23,1.13323,4.93,0.03,0.95,0.03,0,-,0.12,-,0,0.01,-,-
2019,Sumatera Barat,Kota Bukittinggi,25.24,0.05977,0.24,0.06,-,-,-,-,-,-,-,-,-,-
2019,Sumatera Barat,Kota Payakumbuh,80.43,5.5338,6.88,2.15,2.16,0.05,-,-,0.12,0.39,0.43,0.24,-,-
2019,Riau,Kab. Kampar,"11,289.28",2.53656,0.02,0.63,0.14,0.01,-,-,0.07,-,-,1.69,-,-
2019,Riau,Kab. Indragiri Hulu,"29,169.80",,,-,-,-,-,-,-,-,-,-,-,-
2019,Riau,Kab. Indragiri Hilir,13.53,,,-,-,-,-,-,-,-,-,-,-,-
2019,Riau,Kab. Pelalawan,"12,614.78",0.015,0,0.02,-,-,-,-,-,-,-,-,-,-
2019,Riau,Kab. Rokan Hulu,"7,588.13",,,-,-,-,-,-,-,-,-,-,-,-
2019,Riau,Kab. Rokan Hilir,"8,881.59",0.304,0,0.02,0.07,0.05,-,-,0.16,-,-,-,-,-
2019,Riau,Kab. Siak,"8,580.92",0.74555,0.01,0.41,0.33,-,-,-,-,-,-,-,-,-
2019,Riau,Kab. Kuantan Singingi,"7,656.03",,,-,-,-,-,-,-,-,-,-,-,-
2019,Riau,Kota Pekanbaru,632.3,2.00081,0.32,0.1,1.74,0.16,-,-,-,-,-,-,-,-
2019,Jambi,Kab. Merangin,"7,679.00","1,214.73",15.82,0.09,18.52,0.02,10.09,-,4.11,-,"1,171.51",10.39,-,-
2019,Jambi,Kab. Sarolangun,"6,174.00",0.04435,0,0.02,0.01,0.01,-,-,-,-,-,-,-,-
2019,Jambi,Kab. Batanghari,"41,797.00",0.03131,0,0.03,-,0,-,-,-,-,-,-,-,-
2019,Jambi,Kab. Bungo,"4,659.00",0.08406,0,0.08,-,-,-,-,-,-,-,-,-,-
2019,Jambi,Kota Jambi,205.38,0.88889,0.43,0.12,0.63,0.06,-,-,0.08,-,-,-,-,-
2019,Sumatera Selatan,Kab. Ogan Komering Ulu,"4,707.06",,,-,-,-,-,-,-,-,-,-,-,-
2019,Sumatera Selatan,Kab. Muara Enim,187.08,0.42191,0.23,0.24,0.18,-,-,-,-,-,-,-,-,-
2019,Sumatera Selatan,Kab. Lahat,"4,361.83",0.32085,0.01,0.13,0.12,0.07,-,-,0,-,-,-,-,-
2019,Sumatera Selatan,Kab. Musi Rawas,"6,357.09",0.17285,0,0.08,0.07,0.02,-,-,-,-,-,-,-,-
2019,Sumatera Selatan,Kab. Musi Banyuasin,"14,265.96","6,634.09",46.5,0.71,"6,633.19",0.19,-,-,0.01,-,-,-,-,-
2019,Sumatera Selatan,Kab. Banyuasin,"11,875.00",,,-,-,-,-,-,-,-,-,-,-,-
2019,Sumatera Selatan,Kab. Ogan Komering Ulu Timur,102.16,,,-,-,-,-,-,-,-,-,-,-,-
2019,Sumatera Selatan,Kab. Ogan Ilir,"2,666.07",0.13585,0.01,0.14,-,-,-,-,-,-,-,-,-,-
2019,Sumatera Selatan,Kota Palembang,400.61,43.51937,10.86,35.13,0.67,0.51,0.12,-,1.42,0.1,-,-,-,5.57
2019,Sumatera Selatan,Kota Lubuk Linggau,"401,500.00",0.2466,0,0.18,0.07,-,-,-,-,-,-,-,-,-
2019,Sumatera Selatan,Kota Prabumulih,434.46,3.57171,0.82,0.12,0.1,0.24,0.89,-,0.14,0.85,1,0.22,-,-
2019,Bengkulu,Kab. Bengkulu Selatan,"1,186.10",27.3447,2.31,0.13,0.2,0.02,27,-,-,-,-,-,-,-
2019,Bengkulu,Kab. Bengkulu Utara,"4,424.60",4.38385,0.1,0.02,4.33,0.03,-,-,-,-,-,-,-,-
2019,Bengkulu,Kab. Lebong,"19,218,200.00",0.08244,0,0.02,0.06,-,-,-,-,-,-,-,-,-
2019,Bengkulu,Kab. Kepahiang,665,0,0,0,-,-,-,-,-,-,-,-,-,-
2019,Bengkulu,Kab. Bengkulu Tengah,"1,223.94",,,-,-,-,-,-,-,-,-,-,-,-
2019,Lampung,Kab. Lampung Barat,"3,368.14",,,-,-,-,-,-,-,-,-,-,-,-
2019,Lampung,Kab. Tanggamus,"4,654.96",0.02688,0,0.01,0.01,0,-,0.01,-,-,-,0,-,-
2019,Lampung,Kab. Way Kanan,"3,921.63",399.36084,10.18,0.4,0.04,128.58,249.61,-,13.93,3.59,2.61,0.62,-,-
2019,Lampung,Kab. Pringsewu,625,0.26175,0.04,0.09,0.05,0.01,-,-,0.12,-,-,-,-,-
2019,Lampung,Kota Bandar Lampung,197.22,,,-,-,-,-,-,-,-,-,-,-,-
2019,Lampung,Kota Metro,68.74,0.28922,0.42,0.29,-,-,0,-,-,-,-,-,-,-
2019,Kepulauan Bangka Belitung,Kab. Bangka,100,0.91252,0.91,0,0.05,0.08,0.11,0.4,0.26,-,-,-,-,-
2019,Kepulauan Bangka Belitung,Kab. Bangka Selatan,"3,607.08",309.46519,8.58,0.18,0.03,0.04,0.78,1.81,0.3,-,-,306.33,-,-
2019,Kepulauan Bangka Belitung,Kab. Bangka Tengah,"2,279.11",460.52513,20.21,0.64,439.11,0.3,8.27,4.16,6.55,-,-,1.51,-,-
2019,Kepulauan Bangka Belitung,Kota Pangkal Pinang,,,,-,-,-,-,-,-,-,-,-,-,-
2019,Kepulauan Riau,Kab. Bintan,"1,946.13",2.2074,0.11,0.12,0.02,0.05,-,-,2.01,-,-,-,-,-
2019,Kepulauan Riau,Kab. Karimun,"1,524.00",1.58426,0.1,0.03,0.14,0,-,-,1.42,-,-,-,-,-
2019,Kepulauan Riau,Kab. Natuna,"1,869.95",,,-,-,-,-,-,-,-,-,-,-,-
2019,Kepulauan Riau,Kab. Lingga,"2,266.77",,,-,-,-,-,-,-,-,-,-,-,-
2019,Kepulauan Riau,Kab. Kepulauan Anambas,590.14,0.02761,0,0,-,-,-,-,0.02,-,-,-,-,0.01
2019,Kepulauan Riau,Kota Batam,"1,595.00",2.11942,0.13,0.08,0.34,0.02,-,1.55,0.13,-,-,-,-,-
2019,Kepulauan Riau,Kota Tanjung Pinang,131.54,4.31188,3.28,0.14,3.91,0.03,-,-,0.23,-,-,-,-,-
2019,DKI Jakarta,Kab. Adm. Kep. Seribu,8.7,0.11535,1.33,0.02,-,-,-,0.04,0.05,-,-,-,-,0
2019,DKI Jakarta,Kota Adm. Jakarta Utara,140,,,-,-,-,-,-,-,-,-,-,-,-
2019,DKI Jakarta,Kota Adm. Jakarta Selatan,154.3,,,-,-,-,-,-,-,-,-,-,-,-
2019,DKI Jakarta,Kota Adm. Jakarta Timur,182.7,,,-,-,-,-,-,-,-,-,-,-,-
2019,Jawa Barat,Kab. Sukabumi,"4,162.00",1.79459,0.04,0.05,1.73,0.01,-,-,-,-,-,-,-,-
2019,Jawa Barat,Kab. Bandung,"1,762.00",248.03465,14.08,51.66,12.29,130.16,1,-,45.45,1.22,4.84,0.01,-,1.34
2019,Jawa Barat,Kab. Garut,"3,065.19",,,-,-,-,-,-,-,-,-,-,-,-
2019,Jawa Barat,Kab. Ciamis,"1,425.00",4.47028,0.31,0.08,0.33,-,-,-,0.6,-,-,3.39,-,-
2019,Jawa Barat,Kab. Kuningan,"1,178.58",,,-,-,-,-,-,-,-,-,-,-,-
2019,Jawa Barat,Kab. Cirebon,990.36,2.8365,0.29,2.71,0.03,0.09,-,-,0,-,-,-,-,-
2019,Jawa Barat,Kab. Sumedang,"1,558.72",,,-,-,-,-,-,-,-,-,-,-,-
2019,Jawa Barat,Kota Bogor,"11,850.00",1.83112,0.02,0.48,0.01,0.7,-,-,0.64,-,-,-,-,-
2019,Jawa Barat,Kota Sukabumi,"48,002.00",0.0409,0,0.04,-,-,-,-,-,-,-,-,-,-
2019,Jawa Barat,Kota Bandung,167.31,,,-,-,-,-,-,-,-,-,-,-,-
2019,Jawa Barat,Kota Bekasi,210.49,0.1046,0.05,0.08,0.02,-,-,-,-,-,-,-,-,-
2019,Jawa Barat,Kota Depok,200.29,0.64659,0.32,0.19,0.07,0.05,-,-,0.33,-,-,-,-,-
2019,Jawa Barat,Kota Cimahi,42.73,,,-,-,-,-,-,-,-,-,-,-,-
2019,Jawa Barat,Kota Banjar,132,,,-,-,-,-,-,-,-,-,-,-,-
2019,Jawa Tengah,Kab. Cilacap,425.68,,,-,-,-,-,-,-,-,-,-,-,-
2019,Jawa Tengah,Kab. Banyumas,"1,327.59",,,-,-,-,-,-,-,-,-,-,-,-
2019,Jawa Tengah,Kab. Banjarnegara,"1,069.73",0.02918,0,0.02,0.01,-,-,-,-,-,-,-,-,-
2019,Jawa Tengah,Kab. Kebumen,"1,281.12",16.00663,1.25,0.48,0.01,15.08,-,-,0.43,-,-,-,-,-
2019,Jawa Tengah,Kab. Purworejo,"1,034.84",0.32583,0.03,0.15,0.06,0,0,0.11,-,-,-,-,-,-
2019,Jawa Tengah,Kab. Wonosobo,"98,468.00",0,0,0,0,0,-,-,-,-,-,-,-,-
2019,Jawa Tengah,Kab. Boyolali,"1,096.35",0.06737,0.01,0.07,0,-,-,-,-,-,-,-,-,-
2019,Jawa Tengah,Kab. Klaten,655.56,0.1961,0.03,0.2,-,-,-,-,-,-,-,-,-,-
2019,Jawa Tengah,Kab. Sukoharjo,466.66,,,-,-,-,-,-,-,-,-,-,-,-
2019,Jawa Tengah,Kab. Wonogiri,"1,822.36",693.84427,38.07,0.02,693.82,0,-,-,-,-,-,-,-,-
2019,Jawa Tengah,Kab. Sragen,941.55,0.52063,0.06,-,-,-,-,-,0.52,-,-,-,-,-
2019,Jawa Tengah,Kab. Grobogan,"1,976.00",,,-,-,-,-,-,-,-,-,-,-,-
2019,Jawa Tengah,Kab. Rembang,"1,014.08",,,-,-,-,-,-,-,-,-,-,-,-
2019,Jawa Tengah,Kab. Pati,"1,503.68",,,-,-,-,-,-,-,-,-,-,-,-
2019,Jawa Tengah,Kab. Kudus,425.2,6.30079,1.48,0.05,0.01,0.12,5.73,-,0.38,-,-,-,-,-
2019,Jawa Tengah,Kab. Jepara,"1,004.13",178.41853,17.77,0.17,177.18,0.03,-,1.04,-,-,-,-,-,-
2019,Jawa Tengah,Kab. Semarang,"95,021.00",0.00008,0,0,0,-,-,-,0,-,-,-,-,0
2019,Jawa Tengah,Kab. Kendal,"1,001.73",0.07119,0.01,0.07,-,-,-,-,-,-,-,-,-,-
2019,Jawa Tengah,Kab. Batang,"78,864.00",0.32795,0,0.24,0.02,-,0,0.07,-,-,-,-,-,-
2019,Jawa Tengah,Kab. Pemalang,"1,115.00",150.176,13.47,0.18,-,-,-,-,-,-,-,150,-,-
2019,Jawa Tengah,Kab. Tegal,876.1,,,-,-,-,-,-,-,-,-,-,-,-
2019,Jawa Tengah,Kab. Brebes,"176,962.00",0.94071,0,0.94,-,-,-,-,-,-,-,-,-,-
2019,Jawa Tengah,Kota Magelang,18.54,1.88699,10.18,0.79,0.69,0.05,0,-,0.35,-,-,-,-,-
2019,Jawa Tengah,Kota Salatiga,56.78,0.16681,0.29,0.16,0,0.01,-,-,-,-,-,-,-,-
2019,Jawa Tengah,Kota Semarang,373.7,109.35306,29.26,2.15,28.71,14.65,9.98,5.37,4.32,0.46,0.3,43.41,-,-
2019,Jawa Tengah,Kota Tegal,39.68,2.34119,5.9,0.2,0.09,0.76,0.49,0.52,0.28,-,-,-,-,-
2019,D.I. Yogyakarta,Kab. Kulon Progo,586.3,,,-,-,-,-,-,-,-,-,-,-,-
2019,D.I. Yogyakarta,Kab. Bantul,506.85,0.01013,0,0.01,0,0,-,-,-,-,-,-,-,-
2019,D.I. Yogyakarta,Kab. Gunungkidul,"1,485.36",0.42325,0.03,0.06,0.07,0.07,-,0.13,0.1,-,-,-,-,-
2019,D.I. Yogyakarta,Kab. Sleman,574.82,7.56437,1.32,0.03,-,0.03,-,-,7.5,-,-,-,-,-
2019,D.I. Yogyakarta,Kota Yogyakarta,32.5,1.25794,3.87,0.37,0.17,0.7,-,-,0.01,-,-,-,-,-
2019,Jawa Timur,Kab. Pacitan,"1,390.00",584.33657,42.04,0.17,583.99,0.06,-,0.04,0.09,-,-,-,-,-
2019,Jawa Timur,Kab. Ponorogo,,,,-,-,-,-,-,-,-,-,-,-,-
2019,Jawa Timur,Kab. Trenggalek,,3.3878,,0.02,3.36,0.01,-,-,-,-,-,-,-,-
2019,Jawa Timur,Kab. Tulungagung,"1,055.65",3.19209,0.3,0.14,0.02,1.42,0.54,-,0.71,0.28,-,0.08,-,-
2019,Jawa Timur,Kab. Blitar,"1,588.79",0.01128,0,0,0.01,0,-,-,-,-,-,-,-,-
2019,Jawa Timur,Kab. Kediri,,0.2669,,0.1,-,0.04,0,-,0.13,-,-,-,-,0
2019,Jawa Timur,Kab. Malang,"3,530.65",0.0098,0,0.01,-,-,-,-,-,-,-,-,-,-
2019,Jawa Timur,Kab. Lumajang,"99,999.99",4.16321,0,0.1,0,4.06,-,-,-,-,-,-,-,-
2019,Jawa Timur,Kab. Banyuwangi,"5,782.50",2.44347,0.04,0.92,0.09,0.83,-,0.21,0.39,-,-,0,-,-
2019,Jawa Timur,Kab. Bondowoso,"1,526.00",,,-,-,-,-,-,-,-,-,-,-,-
2019,Jawa Timur,Kab. Situbondo,"11,789.00",0.88642,0.01,0.13,0.05,0.08,0,0.62,-,-,-,-,-,-
2019,Jawa Timur,Kab. Probolinggo,"1,696.16",3.95667,0.23,0.04,0,0,-,3.88,0.03,0,-,-,-,-
2019,Jawa Timur,Kab. Pasuruan,"1,474.02",0.89684,0.06,0.01,0.88,0.01,-,-,-,-,-,-,-,-
2019,Jawa Timur,Kab. Sidoarjo,714.24,0.33039,0.05,0.1,0.03,0.09,-,-,0.1,0,-,-,-,-
2019,Jawa Timur,Kab. Mojokerto,692.2,,,-,-,-,-,-,-,-,-,-,-,-
2019,Jawa Timur,Kab. Jombang,"1,159.50",0.10924,0.01,0.1,0.01,0,-,-,-,-,-,-,-,-
2019,Jawa Timur,Kab. Nganjuk,"1,224.33",0.10092,0.01,0.07,0.03,-,-,-,-,-,-,-,-,-
2019,Jawa Timur,Kab. Madiun,"1,010.86",0.2024,0.02,0.2,-,-,-,-,-,-,-,-,-,-
2019,Jawa Timur,Kab. Ngawi,"1,295.98",0.72214,0.06,0.55,0.12,0.05,-,-,0,-,-,-,-,-
2019,Jawa Timur,Kab. Bojonegoro,"2,307.00",15.40549,0.67,0.31,0.02,1.66,13.33,-,0.09,-,-,-,-,-
2019,Jawa Timur,Kab. Tuban,"1,839.94",16.7375,0.91,-,-,-,16.74,-,-,-,-,-,-,-
2019,Jawa Timur,Kab. Gresik,"1,191.25",15.72799,1.32,1.09,2.14,0.75,0.14,0.04,0.29,0,-,11.28,-,-
2019,Jawa Timur,Kab. Sampang,"1,233.30",1.8989,0.15,0.02,0.01,0.57,-,1.3,-,-,-,-,-,-
2019,Jawa Timur,Kab. Pamekasan,792.2,1.21252,0.15,0.1,-,0,1.06,-,-,-,-,-,-,0.05
2019,Jawa Timur,Kab. Sumenep,"2,093.47",0.44003,0.02,0.02,0.05,0.07,0.14,-,0.16,-,-,-,-,-
2019,Jawa Timur,Kota Kediri,63.4,0.18648,0.29,0.13,0,0.03,0.02,-,-,-,-,0,-,-
2019,Jawa Timur,Kota Blitar,32.58,1.55587,4.78,0.1,-,-,1.45,-,-,-,-,-,-,-
2019,Jawa Timur,Kota Malang,110.06,0.34144,0.31,0.25,0.09,0,-,-,-,-,-,-,-,-
2019,Jawa Timur,Kota Probolinggo,56.67,0.14674,0.26,0.03,-,-,-,-,-,-,-,-,0.01,0.1
2019,Jawa Timur,Kota Pasuruan,35.29,0.01119,0.03,0.01,-,-,-,-,-,-,-,-,-,-
2019,Jawa Timur,Kota Mojokerto,20.21,0.05112,0.25,0.05,-,-,-,-,-,-,-,-,-,-
2019,Jawa Timur,Kota Madiun,33.23,1.76539,5.31,0.69,0.13,-,0.95,-,-,-,-,-,-,-
2019,Jawa Timur,Kota Surabaya,334.51,73.45817,21.96,6.76,0.58,13.01,2.82,41.24,5.47,0.92,0.71,1.96,-,-
2019,Jawa Timur,Kota Batu,199.09,0.79751,0.4,0,0.02,0.01,-,-,0.77,-,-,-,-,-
2019,Banten,Kab. Lebak,"3,305.07",1.63471,0.05,0,-,-,1.63,-,-,-,-,-,-,-
2019,Banten,Kota Tangerang,164.55,1.26445,0.77,0.67,0.1,0.19,0.2,-,0.1,-,-,-,-,-
2019,Banten,Kota Cilegon,,,,-,-,-,-,-,-,-,-,-,-,-
2019,Banten,Kota Serang,266.74,,,-,-,-,-,-,-,-,-,-,-,-
2019,Banten,Kota Tangerang Selatan,147.19,0.33078,0.22,0.08,0.17,0.03,-,-,0.05,-,-,-,-,-
2019,Bali,Kab. Jembrana,841.8,0.41772,0.05,0.35,0,0.04,-,-,-,-,-,-,-,0.02
2019,Bali,Kab. Tabanan,"83,933.00",0.012,0,-,0.01,-,-,-,-,-,-,-,-,-
2019,Bali,Kab. Badung,420.1,0.01128,0,0.01,-,-,-,-,-,-,-,-,-,-
2019,Bali,Kab. Gianyar,368,0.32576,0.09,0.18,0.12,0.02,-,-,0.01,-,-,-,-,-
2019,Bali,Kab. Bangli,520.81,1.26727,0.24,0.03,1.22,-,0.01,-,0.01,-,-,-,-,-
2019,Bali,Kab. Karangasem,839.5,0.03229,0,0.01,0,0.02,0,-,-,-,-,-,-,-
2019,Bali,Kab. Buleleng,"1,366.00",0.25935,0.02,0.05,0.02,0.13,-,-,0.06,-,-,-,-,-
2019,Nusa Tenggara Barat,Kab. Lombok Barat,"105,392.00",,,-,-,-,-,-,-,-,-,-,-,-
2019,Nusa Tenggara Barat,Kab. Lombok Timur,"2,679.88",,,-,-,-,-,-,-,-,-,-,-,-
2019,Nusa Tenggara Barat,Kab. Sumbawa,"6,643.98",,,-,-,-,-,-,-,-,-,-,-,-
2019,Nusa Tenggara Barat,Kab. Lombok Utara,809.53,0.01023,0,0.01,-,-,-,-,-,-,-,-,-,-
2019,Nusa Tenggara Barat,Kota Mataram,61.3,0.05888,0.1,0.02,0.04,-,-,-,-,-,-,-,-,-
2019,Nusa Tenggara Timur,Kab. Nagekeo,"1,416.00",0.00795,0,0,-,-,-,0.01,-,-,-,-,-,-
2019,Kalimantan Barat,Kab. Sambas,"6,395.70",0.09999,0,0.02,0.03,0.01,0.04,-,-,-,-,-,-,-
2019,Kalimantan Barat,Kab. Mempawah,"2,797.88",,,-,-,-,-,-,-,-,-,-,-,-
2019,Kalimantan Barat,Kab. Sanggau,"12,857.70",0.70816,0.01,0.46,0.25,-,-,-,-,-,0,-,-,-
2019,Kalimantan Barat,Kab. Ketapang,"31,588.00",0.11088,0,0.03,-,0.08,-,-,-,-,-,-,-,-
2019,Kalimantan Barat,Kab. Bengkayang,"5,396.30",0.195,0,0.03,-,-,-,-,0.16,-,-,-,-,-
2019,Kalimantan Barat,Kab. Melawi,"10,640.80",,,-,-,-,-,-,-,-,-,-,-,-
2019,Kalimantan Barat,Kota Pontianak,107.8,,,-,-,-,-,-,-,-,-,-,-,-
2019,Kalimantan Tengah,Kab. Kotawaringin Barat,"10,759.00",1.54131,0.01,0.31,1.13,0.05,-,-,0.05,-,-,-,-,-
2019,Kalimantan Tengah,Kab. Kotawaringin Timur,"16,796.00",4.05045,0.02,0.05,2.58,1.43,-,-,-,-,-,-,-,-
2019,Kalimantan Tengah,Kab. Kapuas,"14,999.00",0.13205,0,0.03,0.01,0.07,-,-,0.03,-,-,-,-,-
2019,Kalimantan Tengah,Kab. Barito Utara,"8,300.00",0.0543,0,0.04,0,0,0.01,-,-,-,-,-,-,-
2019,Kalimantan Tengah,Kab. Seruyan,16.4,,,-,-,-,-,-,-,-,-,-,-,-
2019,Kalimantan Tengah,Kab. Sukamara,"3,827.00",,,-,-,-,-,-,-,-,-,-,-,-
2019,Kalimantan Tengah,Kab. Lamandau,"6,414.00",406.5443,6.34,0.06,10.02,0.07,109.46,-,0.05,-,-,4.26,-,172.85
2019,Kalimantan Tengah,Kab. Gunung Mas,"10,084.00",,,-,-,-,-,-,-,-,-,-,-,-
2019,Kalimantan Tengah,Kab. Pulang Pisau,"8,997.00",0.0658,0,-,0.07,-,-,-,-,-,-,-,-,-
2019,Kalimantan Tengah,Kab. Murung Raya,23.7,0.05351,0.23,-,0.01,-,0,-,0.01,-,-,-,-,0.03
2019,Kalimantan Tengah,Kab. Barito Timur,"3,834.00",0.00913,0,0.01,-,-,-,-,-,-,-,-,-,-
2019,Kalimantan Tengah,Kota Palangkaraya,"2,853.52",91.58408,3.21,0.18,89.78,0.13,-,-,1.49,-,-,-,-,-
2019,Kalimantan Selatan,Kab. Tanah Laut,"3,631.00",1.97202,0.05,0.8,0.83,0,0.01,0.27,0.06,-,-,-,-,-
2019,Kalimantan Selatan,Kab. Kotabaru,"9,442.46",3.10251,0.03,0.02,3,-,-,0,0.08,-,-,-,-,-
2019,Kalimantan Selatan,Kab. Banjar,"4,668.50",0.10404,0,0.1,-,-,-,-,-,-,-,-,-,-
2019,Kalimantan Selatan,Kab. Barito Kuala,"2,996.46",0.62651,0.02,0.06,0.52,0.01,0,-,0.03,-,-,-,-,-
2019,Kalimantan Selatan,Kab. Tapin,"2,174.95",2.027,0.09,1.08,0.05,0.2,0.7,-,0,-,-,-,-,-
2019,Kalimantan Selatan,Kab. Hulu Sungai Selatan,"1,804.94",0.17094,0.01,0.05,0.09,0.01,-,-,0.02,-,-,-,-,-
2019,Kalimantan Selatan,Kab. Hulu Sungai Tengah,"1,770.77",0.09388,0.01,0,0,0.08,-,-,0.01,-,-,-,-,-
2019,Kalimantan Selatan,Kab. Hulu Sungai Utara,915.05,,,-,-,-,-,-,-,-,-,-,-,-
2019,Kalimantan Selatan,Kab. Tabalong,"3,556.00",0.8165,0.02,0.26,0.04,0.48,-,-,0.04,-,-,-,-,-
2019,Kalimantan Selatan,Kab. Tanah Bumbu,"5,066.96",,,-,-,-,-,-,-,-,-,-,-,-
2019,Kalimantan Selatan,Kab. Balangan,"1,878.30",0.92335,0.05,0.07,0.09,0.01,0,-,0.05,-,-,0.1,-,0.6
2019,Kalimantan Selatan,Kota Banjarmasin,98.46,1.21386,1.23,0.12,-,1.07,-,-,0.03,-,-,-,-,-
2019,Kalimantan Selatan,Kota Banjarbaru,371.38,52.10254,14.03,0.81,2.14,0.04,47.75,-,1.11,-,0.25,-,-,0.01
2019,Kalimantan Timur,Kab. Paser,"11,603.94",0.5173,0,0.37,0.01,0.02,-,-,0.12,-,-,-,-,-
2019,Kalimantan Timur,Kab. Kutai Kartanegara,"27,263.10",76.40028,0.28,76.39,-,-,-,-,-,-,-,-,0.01,-
2019,Kalimantan Timur,Kab. Berau,"34,127.47",31.68857,0.09,0.02,18.4,0.07,0.03,13.14,0.03,-,-,-,-,-
2019,Kalimantan Timur,Kab. Kutai Timur,"35,747.50",0.49,0,0.27,0.22,-,-,-,-,-,-,-,-,-
2019,Kalimantan Timur,Kab. Penajam Paser Utara,"3,333.00",0.00103,0,-,-,-,-,-,0,-,-,-,-,-
2019,Kalimantan Timur,Kota Balikpapan,503.3,187.07838,37.17,0.08,183.98,0.01,-,0.4,0.83,-,-,1.71,0.06,-
2019,Kalimantan Timur,Kota Samarinda,718,3.61777,0.5,0.22,3.34,0.06,-,-,-,-,-,-,-,-
2019,Kalimantan Timur,Kota Bontang,161.56,1.76224,1.09,1.07,-,-,0.69,-,-,-,-,-,-,-
2019,Kalimantan Utara,Kab. Nunukan,"14,247.50","4,880.12",34.25,0.22,"4,879.54",0.12,-,0.09,0.15,-,-,-,-,-
2019,Kalimantan Utara,Kota Tarakan,657.33,2.17747,0.33,-,0.09,-,2.09,-,-,-,-,-,-,-
2019,Sulawesi Utara,Kab. Minahasa,"1,141.64",,,-,-,-,-,-,-,-,-,-,-,-
2019,Sulawesi Utara,Kab. Kepulauan Sangihe,737,,,-,-,-,-,-,-,-,-,-,-,-
2019,Sulawesi Utara,Kab. Kepulauan Talaud,"1,251.00",0.19,0.02,0.02,-,0.1,-,0.05,0.02,-,-,-,-,-
2019,Sulawesi Utara,Kab. Minahasa Selatan,"1,456.46",0.0424,0,0,0.04,-,-,-,-,-,-,-,-,-
2019,Sulawesi Utara,Kab. Minahasa Utara,1.06,,,-,-,-,-,-,-,-,-,-,-,-
2019,Sulawesi Utara,Kab. Minahasa Tenggara,"73,062.00",0.00581,0,0.01,-,-,-,-,-,-,-,-,-,-
2019,Sulawesi Utara,Kab. Bolaang Mongondow Utara,"1,856.00",0.00038,0,-,0,-,-,-,-,-,-,-,-,-
2019,Sulawesi Utara,Kab. Kep. Siau Tagulandang Biaro,,,,-,-,-,-,-,-,-,-,-,-,-
2019,Sulawesi Utara,Kota Tomohon,34.08,0.2551,0.75,0.26,-,-,-,-,0,-,-,-,-,-
2019,Sulawesi Utara,Kota Kotamobagu,68.06,0.11663,0.17,0.06,0.04,0.01,-,-,-,-,-,-,-,-
2019,Sulawesi Tengah,Kab. Banggai,,0.07078,,0.07,-,-,-,-,0,-,-,-,-,-
2019,Sulawesi Tengah,Kab. Poso,"7,112.25",0.00316,0,0,-,-,-,-,-,-,-,-,-,-
2019,Sulawesi Tengah,Kab. Donggala,"5,275.69",0.28858,0.01,0.05,0.21,0,-,-,0.03,-,-,-,-,-
2019,Sulawesi Tengah,Kab. Toli-toli,"407,977.00",,,-,-,-,-,-,-,-,-,-,-,-
2019,Sulawesi Tengah,Kab. Banggai Kepulauan,"2,488.79",,,-,-,-,-,-,-,-,-,-,-,-
2019,Sulawesi Tengah,Kab. Parigi Moutong,"6,231.85",0.06351,0,0.03,0.04,-,-,-,-,-,-,-,-,-
2019,Sulawesi Tengah,Kab. Sigi,"5,196.02",,,-,-,-,-,-,-,-,-,-,-,-
2019,Sulawesi Tengah,Kab. Banggai Laut,725.67,0.009,0,0.01,-,-,-,-,-,-,-,-,-,-
2019,Sulawesi Tengah,Kab. Morowali Utara,"18,362.39",0,0,0,-,-,-,-,-,-,-,-,-,-
2019,Sulawesi Selatan,Kab. Kepulauan Selayar,"1,357.03",0.01729,0,0,0.02,-,-,-,-,-,-,-,-,-
2019,Sulawesi Selatan,Kab. Bulukumba,,1.24628,,0.08,0.01,0.17,0.35,0.63,-,-,-,-,-,-
2019,Sulawesi Selatan,Kab. Bantaeng,395.83,0.47738,0.12,0.24,0.06,0.1,0.04,-,0.05,-,-,-,-,-
2019,Sulawesi Selatan,Kab. Jeneponto,747.79,,,-,-,-,-,-,-,-,-,-,-,-
2019,Sulawesi Selatan,Kab. Sinjai,819.96,,,-,-,-,-,-,-,-,-,-,-,-
2019,Sulawesi Selatan,Kab. Bone,"4,593.00",6.7975,0.15,0.19,0.16,6.44,-,-,-,-,-,-,-,-
2019,Sulawesi Selatan,Kab. Maros,"1,619.12",0.002,0,0,-,-,-,-,-,-,-,-,-,-
2019,Sulawesi Selatan,Kab. Pangkajene Kepulauan,,,,-,-,-,-,-,-,-,-,-,-,-
2019,Sulawesi Selatan,Kab. Barru,"1,174.72",0.5291,0.05,0.04,0.05,0,0,0.3,0.13,-,-,-,-,-
2019,Sulawesi Selatan,Kab. Soppeng,"1,500.00",0.01,0,-,0.01,-,-,-,-,-,-,-,-,-
2019,Sulawesi Selatan,Kab. Wajo,"2,506.19",4.57196,0.18,0.02,1.03,0.24,-,3.18,0.1,-,-,-,-,-
2019,Sulawesi Selatan,Kab. Sidenreng Rappang,"1,883.25",0.24,0.01,0.05,0.04,0.14,-,-,-,-,-,-,-,-
2019,Sulawesi Selatan,Kab. Enrekang,"1,786.01",0.05112,0,0.01,0,0.04,-,-,0,-,-,-,-,-
2019,Sulawesi Selatan,Kab. Luwu Utara,"7,502.58",0.12472,0,0.09,-,0.04,-,-,-,-,-,-,-,-
2019,Sulawesi Selatan,Kab. Luwu Timur,"6,944.88",7.56861,0.11,0.12,7.4,0.01,-,-,0.04,-,-,-,-,-
2019,Sulawesi Selatan,Kota Makassar,72,0.18037,0.25,0.18,-,-,-,-,-,-,-,-,-,-
2019,Sulawesi Selatan,Kota Pare Pare,99.33,,,-,-,-,-,-,-,-,-,-,-,-
2019,Sulawesi Selatan,Kota Palopo,247.5,2.5098,1.01,2.51,0,0,-,-,-,-,-,-,-,-
2019,Sulawesi Tenggara,Kab. Kolaka,"3,283.59",1.06976,0.03,0.01,0.09,0.19,-,0.63,0.06,-,0.09,-,-,-
2019,Sulawesi Tenggara,Kab. Kolaka Utara,,,,-,-,-,-,-,-,-,-,-,-,-
2019,Sulawesi Tenggara,Kab. Kolaka Timur,"3,654.74",0.0014,0,-,-,0,-,-,-,-,-,-,-,-
2019,Sulawesi Tenggara,Kota Kendari,271.76,,,-,-,-,-,-,-,-,-,-,-,-
2019,Gorontalo,Kab. Gorontalo,"1,751.00",0.9898,0.06,0.06,0.93,-,-,-,-,-,-,-,-,-
2019,Gorontalo,Kab. Pohuwato,"4,457.43",0.02976,0,0.03,-,-,-,-,-,-,-,-,-,-
2019,Gorontalo,Kota Gorontalo,64.79,0.03768,0.06,0.04,-,-,-,-,-,-,-,-,-,-
2019,Sulawesi Barat,Kab. Pasangkayu,"3,043.65",,,-,-,-,-,-,-,-,-,-,-,-
2019,Sulawesi Barat,Kab. Polewali Mandar,"2,022.30",0.23098,0.01,0.07,0.16,-,0,-,-,-,-,-,-,-
2019,Maluku,Kab. Maluku Tenggara,"4,049.00",0.88658,0.02,0.02,0.08,0.65,-,0.07,0.05,-,-,0.02,-,-
2019,Maluku,Kab. Maluku Barat Daya,"8,633.15",0.01553,0,0.02,-,-,-,-,-,-,-,-,-,-
2019,Maluku,Kota Ambon,45.47,1.33188,2.93,0.14,0.12,0.81,-,0.12,0.13,-,-,-,-,-
2019,Maluku Utara,Kab. Pulau Morotai,"4,301.53",0.04962,0,0.03,0.02,-,-,-,-,-,-,-,-,-
2019,Maluku Utara,Kota Ternate,579.54,0.01939,0,0.01,0.01,0,-,0,0,-,-,0,-,-
2019,Maluku Utara,Kota Tidore Kepulauan,"2,875.09",15.3429,0.53,5.36,9.89,0.07,-,0.02,-,-,-,-,-,-
2019,Papua,Kab. Biak Numfor,"2,269.84",680.99592,30,0.02,7.6,0.88,667.16,2.23,0.03,-,-,2.85,-,0.23
2019,Papua,Kota Jayapura,490,,,-,-,-,-,-,-,-,-,-,-,-
2019,Papua Barat,Kab. Manokwari,"4,650.32",,,-,-,-,-,-,-,-,-,-,-,-
2019,Papua Barat,Kab. Raja Ampat,"67,379,600.00",76.8084,0,0,0,75.15,1.24,-,-,-,-,-,-,0.15
2018,Riau,Kab. Indragiri Hilir,13.53,,,-,-,-,-,-,-,-,-,-,-,-
2018,Sumatera Selatan,Kab. Ogan Komering Ulu,"4,797.06",,,-,-,-,-,-,-,-,-,-,-,-
2018,Nusa Tenggara Timur,Kab. Nagekeo,"1,416.96",0.007,0,-,-,-,-,0.01,-,-,-,-,-,-
2018,Kalimantan Timur,Kab. Penajam Paser Utara,,,,-,-,-,-,-,-,-,-,-,-,-
2018,Sulawesi Selatan,Kab. Pinrang,"1,961.77",,,-,-,-,-,-,-,-,-,-,-,-
2018,Papua Barat,Kab. Manokwari,"4,650.32",,,-,-,-,-,-,-,-,-,-,-,-
