Tahun,Provinsi,Kabupaten/Kota,Timbulan Sampah Tahunan (ton/tahun)(A),Pengurangan Sampah Tahunan (ton/tahun)(B),%Pengurangan Sampah(B/A),Penanganan Sampah Tahunan (ton/tahun)(C),%Penanganan Sampah(C/A),Sampah Terkelola Tahunan (ton/tahun)(B+C),%Sampah Terkelola(B+C)/A,Daur ulang Sampah Tahunan (ton/tahun)(D),Bahan baku Sampah Tahunan (ton/tahun)(E),Recycling Rate(D+E)/A,P1/P2
2021,Aceh,Kab. Aceh Barat,"36,605.67","2,044.00",5.58,"20,363.35",55.63,"22,407.35",61.21,,,0,P 2
2021,Aceh,Kab. Pidie,"59,243.73",,,"5,114.74",8.63,"5,114.74",8.63,,,0,P 1
2021,Aceh,Kab. Gayo Lues,"14,757.24","1,278.83",8.67,"8,405.95",56.96,"9,684.78",65.63,"1,277.50",,8.66,P 2
2021,Aceh,Kab. Aceh Jaya,"17,001.52",14.64,0.09,"11,698.25",68.81,"11,712.89",68.89,,,0,P 2
2021,Aceh,Kota Banda Aceh,"90,765.86","13,935.87",15.35,"74,863.84",82.48,"88,799.71",97.83,"13,840.91",,15.25,P 2
2021,Aceh,Kota Langsa,"33,883.32","8,875.43",26.19,"19,341.90",57.08,"28,217.33",83.28,540.96,77.2,1.82,P 2
2021,Aceh,Kota Subulussalam,"16,529.21",,,"14,600.00",88.33,"14,600.00",88.33,,,0,P 2
2021,Sumatera Utara,Kab. Tapanuli Tengah,"66,644.80",162.5,0.24,"12,045.00",18.07,"12,207.50",18.32,,,0,P 2
2021,Sumatera Utara,Kab. Tapanuli Utara,"46,799.13",282.65,0.6,"25,294.50",54.05,"25,577.15",54.65,,,0,P 2
2021,Sumatera Utara,Kab. Langkat,"189,685.76","2,618.91",1.38,"30,116.15",15.88,"32,735.06",17.26,"2,618.91",186.15,1.48,P 2
2021,Sumatera Utara,Kab. Karo,"82,781.59","4,331.83",5.23,"24,884.97",30.06,"29,216.80",35.29,"1,172.76",,1.42,P 2
2021,Sumatera Utara,Kab. Deli Serdang,"408,129.86","56,976.17",13.96,"152,774.40",37.43,"209,750.57",51.39,"52,617.12","1,226.40",13.19,P 2
2021,Sumatera Utara,Kab. Simalungun,"189,456.90","52,445.31",27.68,"70,092.78",37,"122,538.09",64.68,31.32,12.78,0.02,P 2
2021,Sumatera Utara,Kab. Asahan,"170,300.09","1,715.50",1.01,"22,414.65",13.16,"24,130.15",14.17,182.5,,0.11,P 2
2021,Sumatera Utara,Kab. Dairi,"45,079.54",,,"9,636.00",21.38,"9,636.00",21.38,,0,0,P 1
2021,Sumatera Utara,Kab. Toba,"31,170.85","2,242.88",7.2,"11,541.30",37.03,"13,784.18",44.22,113.94,,0.37,P 2
2021,Sumatera Utara,Kab. Samosir,"34,248.22","1,387.00",4.05,"11,070.45",32.32,"12,457.45",36.37,"1,204.50",116.8,3.86,P 1
2021,Sumatera Utara,Kota Medan,"645,012.56","65,475.77",10.15,"328,500.00",50.93,"393,975.77",61.08,"57,322.22",,8.89,P 2
2021,Sumatera Utara,Kota Pematang Siantar,"85,052.00","17,481.60",20.55,"63,510.00",74.67,"80,991.60",95.23,"12,891.82","2,555.00",18.16,P 2
2021,Sumatera Utara,Kota Tebing Tinggi,"45,077.61","10,531.06",23.36,"31,876.59",70.71,"42,407.65",94.08,"10,267.62",315.04,23.48,P 2
2021,Sumatera Barat,Kab. Pesisir Selatan,"55,233.77","9,931.76",17.98,"12,775.00",23.13,"22,706.76",41.11,"8,833.59",7.3,16.01,P 2
2021,Sumatera Barat,Kab. Sijunjung,"35,174.48","5,472.09",15.56,"5,475.00",15.57,"10,947.09",31.12,"5,455.42",,15.51,P 1
2021,Sumatera Barat,Kab. Tanah Datar,"46,806.83","7,452.49",15.92,"16,680.54",35.64,"24,133.03",51.56,"7,202.69",550.63,16.56,P 2
2021,Sumatera Barat,Kab. Agam,"78,412.95","1,848.43",2.36,"18,696.83",23.84,"20,545.26",26.2,"1,840.05",5.18,2.35,P 2
2021,Sumatera Barat,Kab. Lima Puluh Kota,"56,295.41","10,063.09",17.88,"6,887.55",12.23,"16,950.64",30.11,"6,260.80",18.25,11.15,P 2
2021,Sumatera Barat,Kab. Pasaman,"44,253.04","7,805.88",17.64,"7,183.53",16.23,"14,989.41",33.87,"1,595.71",,3.61,P 2
2021,Sumatera Barat,Kab. Dharmasraya,"37,411.62","4,244.20",11.34,"29,448.20",78.71,"33,692.40",90.06,"1,654.80",,4.42,P 2
2021,Sumatera Barat,Kab. Solok Selatan,"26,988.10",21.57,0.08,"5,120.95",18.97,"5,142.52",19.05,,,0,P 2
2021,Sumatera Barat,Kota Padang,"233,385.96","49,052.19",21.02,"170,688.60",73.14,"219,740.79",94.15,"17,930.32",29.2,7.7,P 2
2021,Sumatera Barat,Kota Solok,"19,663.02","2,967.97",15.09,"16,623.63",84.54,"19,591.60",99.64,"2,845.34",7.63,14.51,P 2
2021,Sumatera Barat,Kota Sawahlunto,"6,843.52","1,407.80",20.57,"5,108.17",74.64,"6,515.97",95.21,974.75,20.08,14.54,P 2
2021,Sumatera Barat,Kota Padang Panjang,"17,519.42","1,285.39",7.34,"15,706.68",89.65,"16,992.07",96.99,356.65,70.08,2.44,P 2
2021,Sumatera Barat,Kota Payakumbuh,"36,063.06","6,030.57",16.72,"29,884.16",82.87,"35,914.73",99.59,"5,105.79",85.56,14.4,P 2
2021,Riau,Kab. Kampar,"131,004.19","29,834.03",22.77,"22,714.68",17.34,"52,548.71",40.11,"1,840.78",84.68,1.47,P 2
2021,Riau,Kab. Bengkalis,"94,536.90","15,230.50",16.11,"64,699.66",68.44,"79,930.17",84.55,"8,237.33",59.53,8.78,P 2
2021,Riau,Kab. Indragiri Hilir,"109,472.70","4,547.46",4.15,"19,115.05",17.46,"23,662.51",21.61,"4,547.46",,4.15,P 1
2021,Riau,Kab. Siak,"69,739.82","12,197.20",17.49,"40,369.00",57.89,"52,566.20",75.37,"4,287.51",,6.15,P 2
2021,Riau,Kota Pekanbaru,"353,133.89","61,439.82",17.4,"222,700.37",63.06,"284,140.19",80.46,"61,344.16",17.16,17.38,P 2
2021,Riau,Kota Dumai,"59,029.99","7,874.73",13.34,"49,051.99",83.1,"56,926.72",96.44,"6,098.50",,10.33,P 2
2021,Jambi,Kab. Merangin,"72,545.03","16,863.33",23.25,"35,262.65",48.61,"52,125.98",71.85,"5,514.93","19,107.75",33.94,P 2
2021,Jambi,Kab. Bungo,"56,722.46","11,652.08",20.54,"28,932.67",51.01,"40,584.75",71.55,"8,571.58","7,652.06",28.6,P 2
2021,Jambi,Kota Jambi,"158,106.98","34,795.35",22.01,"118,999.31",75.27,"153,794.65",97.27,"11,183.15",,7.07,P 2
2021,Sumatera Selatan,Kab. Ogan Komering Ulu,"54,938.49","6,306.40",11.48,"20,805.00",37.87,"27,111.40",49.35,"5,827.29",,10.61,P 1
2021,Sumatera Selatan,Kab. Muara Enim,"148,459.04","35,709.51",24.05,"33,580.00",22.62,"69,289.51",46.67,"15,293.19",,10.3,P 2
2021,Sumatera Selatan,Kab. Lahat,"112,361.75","4,826.10",4.3,"27,740.00",24.69,"32,566.10",28.98,"4,826.10",,4.3,P 2
2021,Sumatera Selatan,Kab. Musi Banyuasin,"90,842.08","19,703.94",21.69,"18,841.30",20.74,"38,545.24",42.43,"13,317.43",,14.66,P 2
2021,Sumatera Selatan,Kota Palembang,"430,791.65","91,748.02",21.3,"321,390.61",74.6,"413,138.63",95.9,"65,777.38",,15.27,P 2
2021,Sumatera Selatan,Kota Prabumulih,"35,426.54","8,022.08",22.64,"23,517.69",66.38,"31,539.78",89.03,"7,452.60",,21.04,P 2
2021,Bengkulu,Kab. Seluma,"38,966.12",0,0,"1,551.25",3.98,"1,551.25",3.98,,,0,P 2
2021,Bengkulu,Kab. Kepahiang,"21,318.92","3,037.89",14.25,"6,570.00",30.82,"9,607.89",45.07,56.58,,0.27,P 1
2021,Lampung,Kab. Lampung Tengah,"172,707.86","3,905.50",2.26,"25,550.00",14.79,"29,455.50",17.06,0,0,0,P 2
2021,Lampung,Kab. Tanggamus,"89,783.28",793.38,0.88,"10,220.00",11.38,"11,013.38",12.27,,,0,P 2
2021,Lampung,Kab. Way Kanan,"70,036.49",512.59,0.73,"4,361.76",6.23,"4,874.36",6.96,334.87,419.76,1.08,P 2
2021,Lampung,Kab. Pesawaran,"71,892.44","24,589.86",34.2,"1,445.40",2.01,"26,035.26",36.21,461.5,,0.64,P 1
2021,Lampung,Kab. Pringsewu,"59,396.16",31.28,0.05,"11,016.57",18.55,"11,047.85",18.6,31.28,"1,225.31",2.12,P 2
2021,Lampung,Kota Bandar Lampung,"276,649.16","13,311.86",4.81,"255,500.00",92.36,"268,811.86",97.17,51.93,,0.02,P 1
2021,Lampung,Kota Metro,"37,912.84","4,956.17",13.07,"27,375.00",72.21,"32,331.17",85.28,"4,540.92",,11.98,P 2
2021,Kepulauan Bangka Belitung,Kab. Bangka,"47,634.69","4,278.52",8.98,"27,389.78",57.5,"31,668.30",66.48,"2,157.00",39.6,4.61,P 2
2021,Kepulauan Bangka Belitung,Kab. Belitung,"26,533.31","4,513.60",17.01,"7,172.98",27.03,"11,686.58",44.04,"4,511.07",8.4,17.03,P 2
2021,Kepulauan Bangka Belitung,Kab. Bangka Selatan,"29,247.45","5,331.58",18.23,"12,982.84",44.39,"18,314.41",62.62,"2,068.98",361.13,8.31,P 2
2021,Kepulauan Bangka Belitung,Kab. Bangka Tengah,"29,627.05","5,848.23",19.74,"4,777.85",16.13,"10,626.08",35.87,327.48,,1.11,P 2
2021,Kepulauan Bangka Belitung,Kab. Belitung Timur,"18,532.95",0,0,"11,552.72",62.34,"11,552.72",62.34,,,0,P 1
2021,Kepulauan Bangka Belitung,Kota Pangkal Pinang,"58,399.38","7,209.05",12.34,"48,937.37",83.8,"56,146.42",96.14,0,0,0,P 2
2021,Kepulauan Riau,Kota Tanjung Pinang,"55,366.32","11,812.73",21.34,"32,302.50",58.34,"44,115.23",79.68,"11,783.02",543.85,22.26,P 2
2021,DKI Jakarta,Kab. Adm. Kep. Seribu,"6,429.48","1,560.98",24.28,"4,791.80",74.53,"6,352.78",98.81,"1,393.35",329.42,26.79,P 2
2021,DKI Jakarta,Kota Adm. Jakarta Pusat,"309,298.18","74,370.68",24.04,"234,033.57",75.67,"308,404.25",99.71,"44,289.02","14,628.43",19.05,P 2
2021,DKI Jakarta,Kota Adm. Jakarta Utara,"494,454.86","119,690.62",24.21,"367,759.40",74.38,"487,450.02",98.58,"35,913.27",,7.26,P 2
2021,DKI Jakarta,Kota Adm. Jakarta Barat,"729,092.61","182,815.40",25.07,"544,177.17",74.64,"726,992.57",99.71,"56,994.70",161.69,7.84,P 2
2021,DKI Jakarta,Kota Adm. Jakarta Selatan,"707,201.35","171,622.21",24.27,"532,885.52",75.35,"704,507.73",99.62,"127,106.81",,17.97,P 2
2021,DKI Jakarta,Kota Adm. Jakarta Timur,"836,961.37","203,529.27",24.32,"620,870.08",74.18,"824,399.35",98.5,"202,064.91",,24.14,P 2
2021,Jawa Barat,Kab. Sukabumi,"397,915.70","73,312.06",18.42,"91,980.00",23.12,"165,292.06",41.54,0,,0,P 1
2021,Jawa Barat,Kab. Bandung,"462,939.17","171,554.50",37.06,"115,496.95",24.95,"287,051.45",62.01,"123,053.94","5,996.95",27.88,P 2
2021,Jawa Barat,Kab. Garut,"408,821.79","30,488.00",7.46,"80,942.40",19.8,"111,430.40",27.26,"29,900.77",,7.31,P 2
2021,Jawa Barat,Kab. Ciamis,"208,818.25","99,406.62",47.6,"58,473.00",28,"157,879.62",75.61,"92,777.75","4,416.50",46.54,P 2
2021,Jawa Barat,Kab. Kuningan,"170,482.16","38,614.10",22.65,"73,000.00",42.82,"111,614.10",65.47,"9,857.79",,5.78,P 1
2021,Jawa Barat,Kab. Cirebon,"451,549.60","8,585.94",1.9,"65,700.00",14.55,"74,285.94",16.45,"8,569.45",,1.9,P 2
2021,Jawa Barat,Kab. Sumedang,"161,462.89","6,640.55",4.11,"43,135.70",26.72,"49,776.25",30.83,"6,640.55",,4.11,P 2
2021,Jawa Barat,Kab. Indramayu,"402,455.25","48,430.29",12.03,"195,083.61",48.47,"243,513.90",60.51,"14,571.24",49.14,3.63,P 2
2021,Jawa Barat,Kota Bogor,"245,922.33","49,345.57",20.07,"186,844.17",75.98,"236,189.74",96.04,679.42,"2,884.17",1.45,P 2
2021,Jawa Barat,Kota Sukabumi,"65,795.65","15,475.16",23.52,"49,221.92",74.81,"64,697.09",98.33,"3,273.21",1.64,4.98,P 2
2021,Jawa Barat,Kota Bandung,"581,280.03","49,031.13",8.44,"468,669.03",80.63,"517,700.15",89.06,"48,936.23","1,665.74",8.71,P 2
2021,Jawa Barat,Kota Cirebon,"74,631.55","6,926.59",9.28,"53,563.75",71.77,"60,490.34",81.05,23.69,0,0.03,P 2
2021,Jawa Barat,Kota Bekasi,"867,236.75","3,740.40",0.43,"438,190.53",50.53,"441,930.93",50.96,97.19,190.53,0.03,P 2
2021,Jawa Barat,Kota Depok,"479,660.75","75,942.38",15.83,"387,195.16",80.72,"463,137.55",96.56,"67,317.43","24,385.16",19.12,P 2
2021,Jawa Barat,Kota Cimahi,"100,289.42","17,177.75",17.13,"77,092.38",76.87,"94,270.14",94,"16,875.17",,16.83,P 2
2021,Jawa Tengah,Kab. Cilacap,"344,409.04","46,495.24",13.5,"224,049.15",65.05,"270,544.39",78.55,759.04,"145,778.55",42.55,P 2
2021,Jawa Tengah,Kab. Banyumas,"195,357.75","123,679.92",63.31,"63,106.24",32.3,"186,786.16",95.61,"23,549.42","4,706.24",14.46,P 2
2021,Jawa Tengah,Kab. Purbalingga,"184,585.06","1,920.78",1.04,"39,785.00",21.55,"41,705.78",22.59,,,0,P 2
2021,Jawa Tengah,Kab. Purworejo,"105,420.18","26,057.29",24.72,"19,116.55",18.13,"45,173.84",42.85,"23,647.61","2,169.60",24.49,P 2
2021,Jawa Tengah,Kab. Wonosobo,"132,496.46","27,718.06",20.92,"37,230.00",28.1,"64,948.06",49.02,"4,298.57",,3.24,P 2
2021,Jawa Tengah,Kab. Magelang,"248,800.43","17,379.38",6.99,"25,243.03",10.15,"42,622.41",17.13,"17,379.38",61.68,7.01,P 2
2021,Jawa Tengah,Kab. Boyolali,"106,159.34","26,628.17",25.08,"31,410.44",29.59,"58,038.61",54.67,"26,608.92",542.39,25.58,P 2
2021,Jawa Tengah,Kab. Klaten,"215,458.83","56,823.20",26.37,"34,327.79",15.93,"91,150.99",42.31,"24,995.38","1,076.29",12.1,P 2
2021,Jawa Tengah,Kab. Sukoharjo,"131,200.56","19,069.76",14.53,"67,210.37",51.23,"86,280.14",65.76,"15,479.66",13.87,11.81,P 2
2021,Jawa Tengah,Kab. Wonogiri,"160,369.61","46,098.07",28.74,"18,066.22",11.27,"64,164.30",40.01,"46,039.27",39.24,28.73,P 2
2021,Jawa Tengah,Kab. Karanganyar,"132,071.89","4,322.56",3.27,"27,375.00",20.73,"31,697.56",24,7.07,,0.01,P 2
2021,Jawa Tengah,Kab. Sragen,"213,952.27","49,297.84",23.04,"103,043.15",48.16,"152,340.99",71.2,"12,871.75","30,955.65",20.48,P 2
2021,Jawa Tengah,Kab. Grobogan,"309,573.61","102,103.28",32.98,"60,413.74",19.52,"162,517.02",52.5,"11,817.42","51,113.05",20.33,P 2
2021,Jawa Tengah,Kab. Blora,"82,801.58","20,063.68",24.23,"61,320.00",74.06,"81,383.68",98.29,"2,712.88",,3.28,P 2
2021,Jawa Tengah,Kab. Rembang,"89,666.36","14,623.39",16.31,"13,292.21",14.82,"27,915.60",31.13,"14,214.37",79.21,15.94,P 2
2021,Jawa Tengah,Kab. Pati,"241,664.31","59,954.79",24.81,"44,365.75",18.36,"104,320.54",43.17,"4,136.70",779.28,2.03,P 2
2021,Jawa Tengah,Kab. Kudus,"162,765.18","36,175.33",22.23,"69,867.71",42.93,"106,043.04",65.15,"35,630.15","23,731.71",36.47,P 2
2021,Jawa Tengah,Kab. Jepara,"146,028.40","16,626.31",11.39,"58,968.30",40.38,"75,594.62",51.77,"7,744.58",769.06,5.83,P 2
2021,Jawa Tengah,Kab. Demak,"263,666.36","15,826.40",6,"113,872.70",43.19,"129,699.10",49.19,"15,826.40",,6,P 2
2021,Jawa Tengah,Kab. Semarang,"192,189.00",345.1,0.18,"71,175.00",37.03,"71,520.10",37.21,345.1,,0.18,P 2
2021,Jawa Tengah,Kab. Temanggung,"182,562.96","18,306.91",10.03,"40,111.63",21.97,"58,418.55",32,50.62,"1,887.63",1.06,P 2
2021,Jawa Tengah,Kab. Kendal,"148,701.73",578.64,0.39,"38,453.82",25.86,"39,032.46",26.25,578.64,36.5,0.41,P 2
2021,Jawa Tengah,Kab. Batang,"89,543.84",532.67,0.59,"86,797.00",96.93,"87,329.67",97.53,53.33,,0.06,P 1
2021,Jawa Tengah,Kab. Pekalongan,"141,447.87","13,487.66",9.54,"50,917.50",36,"64,405.16",45.53,"4,726.39",,3.34,P 2
2021,Jawa Tengah,Kab. Pemalang,"214,837.39","50,898.34",23.69,"120,961.00",56.3,"171,859.34",80,"25,080.44",511,11.91,P 2
2021,Jawa Tengah,Kab. Tegal,"244,819.49","42,235.39",17.25,"155,928.00",63.69,"198,163.40",80.94,"28,371.68",,11.59,P 2
2021,Jawa Tengah,Kab. Brebes,"358,865.26","12,774.40",3.56,"50,767.85",14.15,"63,542.25",17.71,,,0,P 2
2021,Jawa Tengah,Kota Magelang,"29,447.93","2,262.88",7.68,"23,308.65",79.15,"25,571.52",86.84,"2,252.69",111.95,8.03,P 2
2021,Jawa Tengah,Kota Salatiga,"40,969.24","7,262.40",17.73,"29,509.52",72.03,"36,771.92",89.75,"7,158.50",105.12,17.73,P 2
2021,Jawa Tengah,Kota Semarang,"430,749.75","101,744.60",23.62,"319,718.10",74.22,"421,462.70",97.84,"25,252.37",343.1,5.94,P 2
2021,Jawa Tengah,Kota Tegal,"73,573.52","4,107.30",5.58,"56,173.50",76.35,"60,280.80",81.93,625.78,,0.85,P 2
2021,D.I. Yogyakarta,Kab. Kulon Progo,"64,654.35","17,515.28",27.09,"9,761.50",15.1,"27,276.78",42.19,"17,488.94",,27.05,P 2
2021,D.I. Yogyakarta,Kab. Gunungkidul,"133,629.74","31,624.77",23.67,"18,980.00",14.2,"50,604.77",37.87,"3,723.05",36.5,2.81,P 1
2021,D.I. Yogyakarta,Kab. Sleman,"268,481.59","44,417.68",16.54,"98,436.85",36.66,"142,854.53",53.21,"5,938.59",,2.21,P 2
2021,D.I. Yogyakarta,Kota Yogyakarta,"119,501.69","27,068.97",22.65,"91,749.42",76.78,"118,818.39",99.43,"14,496.32",629.68,12.66,P 2
2021,Jawa Timur,Kab. Pacitan,"104,654.83","11,399.45",10.89,"12,719.52",12.15,"24,118.97",23.05,"11,390.74",686.2,11.54,P 2
2021,Jawa Timur,Kab. Ponorogo,"141,540.58","28,568.13",20.18,"84,671.97",59.82,"113,240.10",80.01,"28,089.79",721.97,20.36,P 2
2021,Jawa Timur,Kab. Trenggalek,"107,293.65","22,658.77",21.12,"55,115.00",51.37,"77,773.77",72.49,"9,500.52",,8.85,P 2
2021,Jawa Timur,Kab. Blitar,"149,623.83","57,121.29",38.18,"54,977.76",36.74,"112,099.05",74.92,"3,378.07",366.46,2.5,P 2
2021,Jawa Timur,Kab. Kediri,"194,845.76","12,414.79",6.37,"37,157.00",19.07,"49,571.79",25.44,"11,320.15",657,6.15,P 2
2021,Jawa Timur,Kab. Malang,"350,614.62","29,507.30",8.42,"120,077.70",34.25,"149,585.00",42.66,"28,051.95",,8,P 1
2021,Jawa Timur,Kab. Lumajang,"183,048.96","35,446.50",19.36,"63,897.90",34.91,"99,344.40",54.27,"18,729.95",278.4,10.38,P 2
2021,Jawa Timur,Kab. Banyuwangi,"457,297.22","75,857.42",16.59,"169,598.11",37.09,"245,455.54",53.68,"26,290.93","64,091.21",19.76,P 2
2021,Jawa Timur,Kab. Situbondo,"93,865.59","15,833.63",16.87,"58,546.00",62.37,"74,379.63",79.24,"4,335.74","9,271.00",14.5,P 2
2021,Jawa Timur,Kab. Sidoarjo,"406,847.51","20,802.70",5.11,"224,570.26",55.2,"245,372.96",60.31,"17,371.76",,4.27,P 2
2021,Jawa Timur,Kab. Jombang,"193,583.44","25,511.81",13.18,"45,205.25",23.35,"70,717.06",36.53,"25,254.04",584,13.35,P 2
2021,Jawa Timur,Kab. Nganjuk,"162,013.72","36,411.35",22.47,"45,150.50",27.87,"81,561.85",50.34,"32,639.42","20,980.74",33.1,P 2
2021,Jawa Timur,Kab. Magetan,"97,938.55","3,002.76",3.07,"13,505.87",13.79,"16,508.63",16.86,53.58,0.87,0.06,P 2
2021,Jawa Timur,Kab. Ngawi,"130,204.03","28,368.44",21.79,"28,137.56",21.61,"56,506.00",43.4,"9,536.46","2,204.31",9.02,P 2
2021,Jawa Timur,Kab. Bojonegoro,"195,823.81","10,443.77",5.33,"34,576.82",17.66,"45,020.59",22.99,"2,287.97",467.57,1.41,P 2
2021,Jawa Timur,Kab. Tuban,"183,655.24","47,069.62",25.63,"50,273.28",27.37,"97,342.90",53,"22,523.29",998.28,12.81,P 2
2021,Jawa Timur,Kab. Lamongan,"81,008.10","10,403.74",12.84,"23,725.00",29.29,"34,128.74",42.13,"9,959.32",,12.29,P 2
2021,Jawa Timur,Kab. Pamekasan,"100,957.25","37,636.40",37.28,"13,010.78",12.89,"50,647.18",50.17,"27,625.83",43.64,27.41,P 2
2021,Jawa Timur,Kab. Sumenep,"134,116.61","9,721.87",7.25,"9,988.15",7.45,"19,710.02",14.7,"6,409.10",339.01,5.03,P 2
2021,Jawa Timur,Kota Kediri,"61,812.13","8,394.50",13.58,"50,309.05",81.39,"58,703.55",94.97,"2,681.08",669.05,5.42,P 2
2021,Jawa Timur,Kota Blitar,"27,442.53","3,334.65",12.15,"23,473.01",85.54,"26,807.66",97.69,"3,210.32","1,863.55",18.49,P 2
2021,Jawa Timur,Kota Malang,"247,388.97","59,667.99",24.12,"182,908.98",73.94,"242,576.97",98.05,"59,577.48","5,591.99",26.34,P 2
2021,Jawa Timur,Kota Probolinggo,"35,247.76","4,279.68",12.14,"25,578.84",72.57,"29,858.52",84.71,"2,993.10",28.47,8.57,P 2
2021,Jawa Timur,Kota Pasuruan,"49,349.42","12,990.01",26.32,"35,718.90",72.38,"48,708.91",98.7,"12,990.01",,26.32,P 2
2021,Jawa Timur,Kota Mojokerto,"24,168.48","4,788.91",19.81,"17,520.00",72.49,"22,308.91",92.31,"2,742.31",,11.35,P 1
2021,Jawa Timur,Kota Madiun,"43,695.25","10,990.51",25.15,"31,815.15",72.81,"42,805.66",97.96,"4,497.94",315.65,11.02,P 2
2021,Jawa Timur,Kota Batu,"41,762.47","4,861.76",11.64,"35,770.00",85.65,"40,631.76",97.29,"4,768.52",,11.42,P 2
2021,Banten,Kab. Serang,"424,801.97",62.88,0.01,"35,558.30",8.37,"35,621.18",8.39,62.88,,0.01,P 2
2021,Banten,Kota Serang,"209,672.00","6,696.96",3.19,"106,919.99",50.99,"113,616.95",54.19,75.17,,0.04,P 2
2021,Banten,Kota Tangerang Selatan,"291,659.27","71,294.40",24.44,"184,036.20",63.1,"255,330.59",87.54,"51,040.73","1,893.90",18.15,P 2
2021,Bali,Kab. Jembrana,"59,395.72","12,312.17",20.73,"18,720.85",31.52,"31,033.02",52.25,"11,312.64",,19.05,P 2
2021,Bali,Kab. Tabanan,"84,247.48","10,719.01",12.72,"36,226.62",43,"46,945.63",55.72,"7,434.01","2,982.42",12.36,P 2
2021,Bali,Kab. Badung,"116,731.24","13,260.89",11.36,"94,827.50",81.24,"108,088.39",92.6,"12,597.68","1,369.25",11.97,P 2
2021,Bali,Kab. Gianyar,"141,337.13","20,501.18",14.51,"103,660.00",73.34,"124,161.18",87.85,"19,913.53",,14.09,P 2
2021,Bali,Kab. Bangli,"40,479.96","7,218.55",17.83,"21,741.71",53.71,"28,960.26",71.54,"3,551.24",492.02,9.99,P 2
2021,Bali,Kab. Buleleng,"123,771.50","27,766.98",22.43,"53,167.36",42.96,"80,934.33",65.39,"24,915.87","2,726.19",22.33,P 2
2021,Bali,Kota Denpasar,"349,519.44","41,708.19",11.93,"284,152.50",81.3,"325,860.69",93.23,,522.68,0.15,P 2
2021,Nusa Tenggara Barat,Kab. Lombok Timur,"176,454.72","11,026.19",6.25,"55,424.52",31.41,"66,450.71",37.66,"1,538.55",309.52,1.05,P 2
2021,Nusa Tenggara Barat,Kab. Lombok Utara,"29,107.83","4,497.25",15.45,"6,270.70",21.54,"10,767.95",36.99,740.4,,2.54,P 2
2021,Nusa Tenggara Barat,Kota Mataram,"96,354.09","9,515.74",9.88,"85,224.03",88.45,"94,739.77",98.32,"9,096.70",23.9,9.47,P 2
2021,Nusa Tenggara Timur,Kab. Alor,"42,533.30",0,0,"15,056.25",35.4,"15,056.25",35.4,,,0,P 2
2021,Nusa Tenggara Timur,Kab. Manggarai Barat,"29,995.84",536.86,1.79,"5,950.08",19.84,"6,486.94",21.63,536.86,110.08,2.16,P 2
2021,Nusa Tenggara Timur,Kab. Sumba Tengah,"9,490.37",597.69,6.3,"2,190.00",23.08,"2,787.69",29.37,111.33,,1.17,P 2
2021,Kalimantan Barat,Kab. Sambas,"101,244.25","3,672.06",3.63,"22,644.60",22.37,"26,316.66",25.99,"3,581.37",,3.54,P 2
2021,Kalimantan Barat,Kab. Mempawah,"30,015.96",39.08,0.13,"8,778.25",29.25,"8,817.33",29.38,1.08,,0,P 2
2021,Kalimantan Barat,Kab. Sanggau,"88,479.29",30.2,0.03,"16,443.25",18.58,"16,473.45",18.62,5.38,,0.01,P 2
2021,Kalimantan Barat,Kab. Melawi,"30,524.07","2,024.47",6.63,"11,924.55",39.07,"13,949.02",45.7,475.23,,1.56,P 2
2021,Kalimantan Barat,Kota Pontianak,"144,651.25","32,784.28",22.66,"109,849.88",75.94,"142,634.16",98.61,"25,777.41",349.88,18.06,P 2
2021,Kalimantan Barat,Kota Singkawang,"42,899.18","4,049.77",9.44,"17,965.26",41.88,"22,015.04",51.32,"2,570.76","1,109.76",8.58,P 2
2021,Kalimantan Tengah,Kab. Kapuas,"74,898.00","13,404.53",17.9,"8,782.74",11.73,"22,187.27",29.62,"1,505.25",22.74,2.04,P 2
2021,Kalimantan Tengah,Kab. Barito Utara,"23,129.61","4,720.39",20.41,"16,103.80",69.62,"20,824.19",90.03,"1,435.45",43.8,6.4,P 2
2021,Kalimantan Tengah,Kab. Gunung Mas,"37,065.75","14,382.18",38.8,"2,846.27",7.68,"17,228.45",46.48,,,0,P 2
2021,Kalimantan Tengah,Kab. Pulang Pisau,"24,698.82",0.1,0,"1,546.78",6.26,"1,546.88",6.26,,,0,P 2
2021,Kalimantan Tengah,Kab. Murung Raya,"20,125.19",527.76,2.62,"5,825.40",28.95,"6,353.16",31.57,0,,0,P 2
2021,Kalimantan Tengah,Kab. Barito Timur,"16,977.76",54.35,0.32,"3,737.60",22.01,"3,791.95",22.33,54.35,,0.32,P 2
2021,Kalimantan Tengah,Kota Palangkaraya,"53,990.25","12,841.72",23.79,"40,130.47",74.33,"52,972.19",98.11,"10,877.73",427.96,20.94,P 2
2021,Kalimantan Selatan,Kab. Tanah Laut,"51,733.64","9,592.11",18.54,"28,471.83",55.04,"38,063.94",73.58,22.77,1.83,0.05,P 2
2021,Kalimantan Selatan,Kab. Kotabaru,"47,540.81",908.85,1.91,"34,156.70",71.85,"35,065.55",73.76,0,,0,P 2
2021,Kalimantan Selatan,Kab. Banjar,"148,795.80","22,183.21",14.91,"104,809.75",70.44,"126,992.96",85.35,882.17,54.75,0.63,P 2
2021,Kalimantan Selatan,Kab. Barito Kuala,"34,660.04","7,305.97",21.08,"17,702.50",51.07,"25,008.47",72.15,"5,311.88","1,825.00",20.59,P 2
2021,Kalimantan Selatan,Kab. Tapin,"29,379.14","4,253.89",14.48,"16,276.08",55.4,"20,529.97",69.88,"4,107.91",398.58,15.34,P 2
2021,Kalimantan Selatan,Kab. Hulu Sungai Selatan,"35,042.92","7,174.06",20.47,"18,291.97",52.2,"25,466.04",72.67,"1,579.06","2,454.63",11.51,P 2
2021,Kalimantan Selatan,Kab. Hulu Sungai Tengah,"37,773.27","6,684.87",17.7,"20,516.06",54.31,"27,200.92",72.01,"6,684.87",137.74,18.06,P 2
2021,Kalimantan Selatan,Kab. Hulu Sungai Utara,"35,280.75","9,404.56",26.66,"25,147.40",71.28,"34,551.97",97.93,"3,540.88",367.56,11.08,P 2
2021,Kalimantan Selatan,Kab. Tabalong,"36,982.53","5,538.73",14.98,"21,918.25",59.27,"27,456.98",74.24,"3,214.37",,8.69,P 2
2021,Kalimantan Selatan,Kab. Tanah Bumbu,"59,986.29","5,492.69",9.16,"43,447.05",72.43,"48,939.74",81.58,"3,880.53",,6.47,P 2
2021,Kalimantan Selatan,Kab. Balangan,"20,440.98","2,921.87",14.29,"14,517.88",71.02,"17,439.75",85.32,866.88,"1,815.88",13.12,P 2
2021,Kalimantan Selatan,Kota Banjarmasin,"184,856.04","45,477.00",24.6,"137,495.50",74.38,"182,972.50",98.98,"4,748.65",985.5,3.1,P 2
2021,Kalimantan Selatan,Kota Banjarbaru,"60,120.18","13,299.17",22.12,"46,079.89",76.65,"59,379.07",98.77,"10,080.85",454.9,17.52,P 2
2021,Kalimantan Timur,Kab. Paser,"42,080.85","4,310.44",10.24,"25,528.00",60.66,"29,838.44",70.91,"2,580.60",80.2,6.32,P 2
2021,Kalimantan Timur,Kab. Kutai Kartanegara,"81,243.53","11,240.05",13.84,"56,433.96",69.46,"67,674.01",83.3,"3,202.84",87.6,4.05,P 2
2021,Kalimantan Timur,Kab. Kutai Timur,"77,461.58","15,598.70",20.14,"54,817.31",70.77,"70,416.01",90.9,"1,150.26",67.31,1.57,P 2
2021,Kalimantan Timur,Kab. Penajam Paser Utara,"33,766.52","7,475.10",22.14,"20,645.75",61.14,"28,120.85",83.28,"1,392.80",315.25,5.06,P 2
2021,Kalimantan Timur,Kota Balikpapan,"181,479.86","43,773.49",24.12,"135,830.73",74.85,"179,604.22",98.97,"30,800.27",543.48,17.27,P 2
2021,Kalimantan Timur,Kota Samarinda,"212,376.71","36,370.93",17.13,"172,103.99",81.04,"208,474.92",98.16,"32,990.32",754.73,15.89,P 2
2021,Kalimantan Timur,Kota Bontang,"37,894.33","7,626.14",20.12,"30,069.06",79.35,"37,695.20",99.47,"7,192.13",182.87,19.46,P 2
2021,Kalimantan Utara,Kab. Nunukan,"15,260.25","3,290.49",21.56,"7,702.91",50.48,"10,993.40",72.04,"1,562.06","2,262.72",25.06,P 2
2021,Sulawesi Utara,Kab. Minahasa,"62,700.43","6,248.80",9.97,"31,390.00",50.06,"37,638.80",60.03,,,0,P 1
2021,Sulawesi Utara,Kab. Minahasa Selatan,"34,523.60","6,715.13",19.45,"8,760.00",25.37,"15,475.13",44.82,671.01,,1.94,P 2
2021,Sulawesi Utara,Kab. Minahasa Utara,"41,061.22","7,948.44",19.36,"20,476.50",49.87,"28,424.94",69.23,26.34,,0.06,P 2
2021,Sulawesi Utara,Kab. Minahasa Tenggara,"16,559.47","3,658.57",22.09,"7,973.42",48.15,"11,631.99",70.24,655.24,16.43,4.06,P 2
2021,Sulawesi Utara,Kab. Bolaang Mongondow Utara,"15,167.94",401.5,2.65,"3,650.00",24.06,"4,051.50",26.71,,,0,P 2
2021,Sulawesi Utara,Kab. Kep. Siau Tagulandang Biaro,"13,429.08",930.75,6.93,"2,920.00",21.74,"3,850.75",28.67,,,0,P 1
2021,Sulawesi Utara,Kab. Bolaang Mongondow Selatan,"12,736.86",711.98,5.59,"1,496.50",11.75,"2,208.48",17.34,,23.73,0.19,P 2
2021,Sulawesi Utara,Kota Manado,"124,059.81","17,618.31",14.2,"89,790.00",72.38,"107,408.31",86.58,13.35,,0.01,P 2
2021,Sulawesi Utara,Kota Bitung,"57,874.58","1,178.65",2.04,"41,281.50",71.33,"42,460.15",73.37,,36.5,0.06,P 2
2021,Sulawesi Utara,Kota Tomohon,"26,136.88","3,650.62",13.97,"19,162.50",73.32,"22,813.12",87.28,0.36,,0,P 2
2021,Sulawesi Utara,Kota Kotamobagu,"31,620.68","4,857.04",15.36,"22,588.02",71.43,"27,445.06",86.79,"2,633.48",147.83,8.8,P 2
2021,Sulawesi Tengah,Kab. Donggala,"44,400.06","1,509.82",3.4,"2,964.17",6.68,"4,473.98",10.08,925.12,7.67,2.1,P 2
2021,Sulawesi Tengah,Kab. Parigi Moutong,"82,341.99",785.79,0.95,"6,022.52",7.31,"6,808.31",8.27,351.86,0.02,0.43,P 2
2021,Sulawesi Tengah,Kab. Banggai Laut,"12,933.78",122.4,0.95,"4,215.75",32.59,"4,338.15",33.54,,,0,P 2
2021,Sulawesi Tengah,Kota Palu,"68,228.90","4,926.41",7.22,"58,400.00",85.59,"63,326.41",92.81,0,,0,P 2
2021,Sulawesi Selatan,Kab. Kepulauan Selayar,"20,488.47","1,058.25",5.17,"8,212.50",40.08,"9,270.75",45.25,812.24,,3.96,P 2
2021,Sulawesi Selatan,Kab. Bulukumba,"63,488.39","13,930.07",21.94,"44,604.82",70.26,"58,534.90",92.2,"2,105.01",292,3.78,P 2
2021,Sulawesi Selatan,Kab. Bantaeng,"29,446.45","5,727.43",19.45,"10,665.72",36.22,"16,393.15",55.67,"5,409.10",544.27,20.22,P 2
2021,Sulawesi Selatan,Kab. Jeneponto,"58,635.06","4,006.77",6.83,"19,543.38",33.33,"23,550.15",40.16,"1,605.30",61.5,2.84,P 2
2021,Sulawesi Selatan,Kab. Sinjai,"39,534.76","8,523.07",21.56,"30,222.00",76.44,"38,745.08",98,"6,529.58",,16.52,P 2
2021,Sulawesi Selatan,Kab. Bone,"147,231.88","31,797.05",21.6,"71,905.00",48.84,"103,702.05",70.43,"20,379.85",,13.84,P 2
2021,Sulawesi Selatan,Kab. Maros,"57,950.90","12,112.09",20.9,"29,218.25",50.42,"41,330.34",71.32,"3,242.55",18.25,5.63,P 2
2021,Sulawesi Selatan,Kab. Pangkajene Kepulauan,"50,483.15","5,329.65",10.56,"21,134.67",41.86,"26,464.32",52.42,"4,420.43","2,824.44",14.35,P 2
2021,Sulawesi Selatan,Kab. Barru,"27,722.04","3,236.28",11.67,"13,220.92",47.69,"16,457.19",59.37,"2,624.36",0.62,9.47,P 2
2021,Sulawesi Selatan,Kab. Soppeng,"34,707.12","3,249.01",9.36,"22,985.15",66.23,"26,234.16",75.59,"2,572.49",99.65,7.7,P 2
2021,Sulawesi Selatan,Kab. Wajo,"55,348.60",867.97,1.57,"41,693.79",75.33,"42,561.76",76.9,16.95,94.01,0.2,P 2
2021,Sulawesi Selatan,Kab. Sidenreng Rappang,"46,718.54","9,086.15",19.45,"25,921.21",55.48,"35,007.36",74.93,"9,057.27",444.21,20.34,P 2
2021,Sulawesi Selatan,Kab. Pinrang,"64,570.25","14,182.56",21.96,"28,973.70",44.87,"43,156.26",66.84,"14,066.17",,21.78,P 2
2021,Sulawesi Selatan,Kab. Enrekang,"41,596.68","9,371.28",22.53,"20,075.00",48.26,"29,446.28",70.79,"3,766.00","6,752.50",25.29,P 2
2021,Sulawesi Selatan,Kab. Luwu,"55,544.39","4,182.70",7.53,"12,818.85",23.08,"17,001.55",30.61,845.59,,1.52,P 1
2021,Sulawesi Selatan,Kab. Luwu Timur,"43,874.61","6,818.72",15.54,"24,528.00",55.9,"31,346.72",71.45,"5,921.09",73,13.66,P 2
2021,Sulawesi Selatan,Kota Makassar,"373,653.93","38,415.99",10.28,"328,500.00",87.92,"366,915.99",98.2,"18,589.30",,4.98,P 2
2021,Sulawesi Selatan,Kota Pare Pare,"27,832.35","4,712.62",16.93,"20,373.02",73.2,"25,085.64",90.13,"1,649.78",6.02,5.95,P 2
2021,Sulawesi Selatan,Kota Palopo,"33,704.28","1,762.38",5.23,"21,973.00",65.19,"23,735.38",70.42,99.95,73,0.51,P 2
2021,Sulawesi Tenggara,Kab. Kolaka Utara,"20,340.57","1,440.10",7.08,"7,672.82",37.72,"9,112.92",44.8,"1,022.00",7.82,5.06,P 2
2021,Sulawesi Tenggara,Kota Kendari,"96,542.67","19,785.15",20.49,"69,423.00",71.91,"89,208.15",92.4,"3,441.95",0,3.57,P 2
2021,Gorontalo,Kab. Pohuwato,"21,379.07","6,135.32",28.7,"5,519.97",25.82,"11,655.29",54.52,"4,845.37","2,373.30",33.77,P 2
2021,Gorontalo,Kota Gorontalo,"51,541.50","11,217.25",21.76,"36,135.00",70.11,"47,352.25",91.87,"9,981.40",,19.37,P 2
2021,Sulawesi Barat,Kab. Mamuju,"45,786.99","4,929.00",10.77,"7,544.55",16.48,"12,473.55",27.24,"4,852.02",,10.6,P 2
2021,Sulawesi Barat,Kab. Majene,"25,463.42",782.85,3.07,"9,636.00",37.84,"10,418.85",40.92,730.16,,2.87,P 2
2021,Sulawesi Barat,Kab. Mamuju Tengah,"22,864.48",,,"4,015.00",17.56,"4,015.00",17.56,,,0,P 2
2021,Maluku,Kota Tual,"19,611.92",0.73,0,"13,140.00",67,"13,140.73",67,0.73,,0,P 2
2021,Maluku Utara,Kab. Halmahera Utara,"52,084.44",,,"14,600.00",28.03,"14,600.00",28.03,,,0,P 1
2021,Maluku Utara,Kota Tidore Kepulauan,"16,834.53","1,770.24",10.52,"9,070.80",53.88,"10,841.04",64.4,"1,770.24",0.55,10.52,P 2
2021,Papua,Kab. Jayapura,"30,746.87","4,006.97",13.03,"11,680.00",37.99,"15,686.97",51.02,"3,942.00",,12.82,P 2
2021,Papua,Kab. Nabire,"24,693.86",2.77,0.01,"4,336.20",17.56,"4,338.97",17.57,,,0,P 2
2021,Papua,Kab. Biak Numfor,"21,323.59","3,658.13",17.16,"15,074.50",70.69,"18,732.63",87.85,"3,498.58",,16.41,P 2
2021,Papua,Kab. Keerom,"8,996.96",,,"3,083.52",34.27,"3,083.52",34.27,,,0,P 2
2021,Papua,Kab. Asmat,"16,298.27",54.75,0.34,"3,102.50",19.04,"3,157.25",19.37,,,0,P 2
2021,Papua,Kab. Lanny Jaya,"29,483.24",0,0,316.8,1.07,316.8,1.07,,,0,P 2
2021,Papua,Kota Jayapura,"79,496.56","3,927.15",4.94,"68,985.00",86.78,"72,912.15",91.72,"2,940.63",,3.7,P 2
2021,Papua Barat,Kab. Manokwari,"58,405.66",,,"40,540.55",69.41,"40,540.55",69.41,,,0,P 2
2021,Papua Barat,Kab. Sorong Selatan,"8,167.39",0.43,0.01,"1,277.50",15.64,"1,277.93",15.65,,,0,P 2
2020,Aceh,Kab. Aceh Selatan,"35,713.64","2,181.54",6.11,"13,034.15",36.5,"15,215.69",42.6,77.68,,0.22,P 1
2020,Aceh,Kab. Aceh Timur,"21,023.49",95.45,0.45,"9,274.65",44.12,"9,370.11",44.57,91.25,,0.43,P 2
2020,Aceh,Kab. Aceh Tengah,"37,067.15","3,648.54",9.84,"22,229.81",59.97,"25,878.35",69.81,"1,053.03",,2.84,P 2
2020,Aceh,Kab. Simeulue,"15,897.10",443.48,2.79,"5,299.80",33.34,"5,743.27",36.13,443.48,,2.79,P 2
2020,Aceh,Kab. Gayo Lues,"13,972.20",54.75,0.39,"6,245.15",44.7,"6,299.90",45.09,,,0,P 1
2020,Aceh,Kab. Aceh Jaya,"16,876.51",13.38,0.08,"11,530.35",68.32,"11,543.73",68.4,,,0,P 2
2020,Aceh,Kab. Bener Meriah,"23,597.54","5,153.19",21.84,"9,125.00",38.67,"14,278.19",60.51,,,0,P 2
2020,Aceh,Kota Banda Aceh,"88,800.12","11,392.79",12.83,"73,728.43",83.03,"85,121.23",95.86,"11,205.08",,12.62,P 2
2020,Aceh,Kota Sabang,"9,624.82",0,0,"6,380.20",66.29,"6,380.20",66.29,,,0,P 2
2020,Aceh,Kota Langsa,"34,737.78","7,957.95",22.91,"17,804.34",51.25,"25,762.28",74.16,"1,514.50",284.34,5.18,P 2
2020,Sumatera Utara,Kab. Langkat,"150,409.49",0,0,"26,284.38",17.48,"26,284.38",17.48,,4.38,0,P 2
2020,Sumatera Utara,Kab. Deli Serdang,"400,716.89","55,029.78",13.73,"148,591.50",37.08,"203,621.28",50.81,"50,690.02",766.5,12.84,P 2
2020,Sumatera Utara,Kab. Asahan,"228,071.97","28,841.59",12.65,"157,909.95",69.24,"186,751.54",81.88,158.48,,0.07,P 2
2020,Sumatera Utara,Kab. Dairi,"41,508.38",111.07,0.27,"10,318.55",24.86,"10,429.62",25.13,,80.3,0.19,P 2
2020,Sumatera Utara,Kab. Humbang Hasundutan,"20,825.37","1,350.14",6.48,"11,348.23",54.49,"12,698.37",60.98,802.46,170.1,4.67,P 2
2020,Sumatera Utara,Kab. Samosir,"32,370.63","1,496.50",4.62,"10,402.50",32.14,"11,899.00",36.76,"1,168.00",73,3.83,P 2
2020,Sumatera Utara,Kota Medan,"622,206.89","64,905.91",10.43,"328,500.00",52.8,"393,405.91",63.23,"64,893.91",,10.43,P 2
2020,Sumatera Utara,Kota Pematang Siantar,"84,460.96","4,501.49",5.33,"61,685.00",73.03,"66,186.49",78.36,21.43,,0.03,P 1
2020,Sumatera Utara,Kota Sibolga,"22,388.44","7,017.95",31.35,"3,668.25",16.38,"10,686.20",47.73,338.72,18.25,1.59,P 2
2020,Sumatera Utara,Kota Tebing Tinggi,"44,726.04","9,589.46",21.44,"31,636.08",70.73,"41,225.55",92.17,"9,589.46",308.92,22.13,P 2
2020,Sumatera Barat,Kab. Pesisir Selatan,"56,034.44","9,510.20",16.97,"12,045.00",21.5,"21,555.20",38.47,"7,878.50",,14.06,P 2
2020,Sumatera Barat,Kab. Sijunjung,"34,989.67","4,837.02",13.82,"5,475.00",15.65,"10,312.02",29.47,"4,820.55",,13.78,P 2
2020,Sumatera Barat,Kab. Tanah Datar,"43,959.16","7,146.33",16.26,"15,574.48",35.43,"22,720.81",51.69,"6,896.53",550.63,16.94,P 2
2020,Sumatera Barat,Kab. Agam,"72,213.64","1,650.71",2.29,"17,032.06",23.59,"18,682.77",25.87,"1,648.83",4.09,2.29,P 2
2020,Sumatera Barat,Kab. Lima Puluh Kota,"56,536.46","1,666.86",2.95,"5,241.40",9.27,"6,908.26",12.22,24.36,,0.04,P 2
2020,Sumatera Barat,Kab. Pasaman,"32,068.90","1,679.32",5.24,"10,694.50",33.35,"12,373.82",38.59,"1,028.59",,3.21,P 1
2020,Sumatera Barat,Kab. Dharmasraya,"35,605.56","3,175.08",8.92,"21,984.68",61.75,"25,159.76",70.66,968.29,,2.72,P 2
2020,Sumatera Barat,Kab. Pasaman Barat,"64,783.41",921.57,1.42,"11,563.20",17.85,"12,484.77",19.27,921.57,,1.42,P 2
2020,Sumatera Barat,Kota Padang,"232,259.72","27,834.75",11.98,"182,500.00",78.58,"210,334.75",90.56,"11,009.17",0,4.74,P 2
2020,Sumatera Barat,Kota Solok,"18,505.87","1,766.23",9.54,"16,253.08",87.83,"18,019.31",97.37,"1,508.99",17.89,8.25,P 2
2020,Sumatera Barat,Kota Sawahlunto,"6,852.82","1,472.73",21.49,"5,146.50",75.1,"6,619.23",96.59,971.1,36.5,14.7,P 2
2020,Sumatera Barat,Kota Padang Panjang,"17,019.51","2,052.57",12.06,"14,859.88",87.31,"16,912.45",99.37,367.33,73,2.59,P 2
2020,Sumatera Barat,Kota Bukittinggi,"45,368.41","1,647.99",3.63,"40,716.11",89.75,"42,364.11",93.38,"1,087.05",292,3.04,P 2
2020,Sumatera Barat,Kota Payakumbuh,"35,679.04","5,791.40",16.23,"27,913.01",78.23,"33,704.40",94.47,"5,111.26",81.76,14.55,P 2
2020,Riau,Kab. Kampar,"128,435.47","24,699.75",19.23,"22,630.00",17.62,"47,329.75",36.85,0,15.51,0.01,P 2
2020,Riau,Kab. Bengkalis,"94,115.74","3,563.26",3.79,"59,602.01",63.33,"63,165.26",67.11,"3,563.26",29.57,3.82,P 1
2020,Riau,Kab. Indragiri Hilir,"109,472.70","9,545.47",8.72,"19,115.05",17.46,"28,660.52",26.18,"3,936.05",,3.6,P 2
2020,Riau,Kab. Pelalawan,"55,158.80","9,855.09",17.87,"19,738.30",35.78,"29,593.40",53.65,0.62,343.44,0.62,P 2
2020,Riau,Kab. Rokan Hilir,"187,355.08","8,990.04",4.8,"62,860.30",33.55,"71,850.34",38.35,"8,990.04",80.3,4.84,P 1
2020,Riau,Kab. Siak,"69,739.82","14,262.83",20.45,"285,915.46",409.97,"300,178.29",430.43,"4,179.29",,5.99,P 2
2020,Riau,Kab. Kuantan Singingi,"48,784.73","1,291.32",2.65,,,"1,291.32",2.65,789.08,,1.62,P 2
2020,Riau,Kota Pekanbaru,"400,461.54","8,405.56",2.1,"283,178.68",70.71,"291,584.24",72.81,114.83,"2,409.73",0.63,P 2
2020,Riau,Kota Dumai,"58,368.43","1,777.80",3.05,,,"1,777.80",3.05,,,0,P 2
2020,Jambi,Kab. Merangin,"71,332.50","21,227.09",29.76,"29,962.85",42,"51,189.94",71.76,"5,786.97","12,913.70",26.22,P 2
2020,Jambi,Kab. Sarolangun,"40,612.09","2,192.92",5.4,"5,956.80",14.67,"8,149.72",20.07,"2,192.92",,5.4,P 2
2020,Jambi,Kab. Batanghari,"44,750.17",329.76,0.74,"9,125.00",20.39,"9,454.76",21.13,329.76,,0.74,P 2
2020,Jambi,Kab. Muaro Jambi,"29,792.97","3,327.14",11.17,"6,022.50",20.21,"9,349.64",31.38,"1,242.83",,4.17,P 2
2020,Jambi,Kab. Tanjung Jabung Barat,"60,942.59","10,914.32",17.91,"14,600.00",23.96,"25,514.32",41.87,273.61,,0.45,P 2
2020,Jambi,Kab. Bungo,"55,610.38","11,914.55",21.43,"28,080.87",50.5,"39,995.41",71.92,"6,862.56","7,500.07",25.83,P 2
2020,Jambi,Kab. Tebo,"49,299.67",,,"7,339.50",14.89,"7,339.50",14.89,,,0,P 2
2020,Jambi,Kota Jambi,"156,103.35","5,497,852.88","3,521.93","117,442.40",75.23,"5,615,295.29","3,597.17","5,477,586.84",,"3,508.95",P 1
2020,Jambi,Kota Sungai Penuh,"17,916.39",0,0,"11,862.50",66.21,"11,862.50",66.21,,,0,P 2
2020,Sumatera Selatan,Kab. Ogan Komering Ulu,"54,329.96","11,149.30",20.52,"20,075.00",36.95,"31,224.30",57.47,"10,504.79",,19.34,P 2
2020,Sumatera Selatan,Kab. Muara Enim,"148,345.86","33,683.79",22.71,"35,405.00",23.87,"69,088.79",46.57,"14,438.82",,9.73,P 2
2020,Sumatera Selatan,Kab. Lahat,"111,840.27","1,734.62",1.55,"43,800.00",39.16,"45,534.62",40.71,"1,734.62",,1.55,P 1
2020,Sumatera Selatan,Kab. Musi Rawas,"103,783.08","24,524.25",23.63,"4,015.00",3.87,"28,539.25",27.5,"3,123.45",,3.01,P 2
2020,Sumatera Selatan,Kab. Musi Banyuasin,"94,593.69","17,488.54",18.49,"22,885.87",24.19,"40,374.40",42.68,"10,472.51",,11.07,P 2
2020,Sumatera Selatan,Kab. Banyuasin,"207,426.14","13,362.79",6.44,"45,333.00",21.86,"58,695.79",28.3,404.5,,0.2,P 2
2020,Sumatera Selatan,Kab. Ogan Komering Ulu Timur,"176,275.84","2,133.88",1.21,"38,478.30",21.83,"40,612.18",23.04,"1,656.29",,0.94,P 2
2020,Sumatera Selatan,Kab. Ogan Ilir,"107,510.06","17,631.99",16.4,"8,994.24",8.37,"26,626.23",24.77,,,0,P 2
2020,Sumatera Selatan,Kab. Empat Lawang,"64,711.00",183.95,0.28,"7,300.00",11.28,"7,483.95",11.57,121.55,,0.19,P 2
2020,Sumatera Selatan,Kota Palembang,"426,390.66","84,359.96",19.78,"327,019.20",76.69,"411,379.15",96.48,"62,047.77",565.75,14.68,P 2
2020,Sumatera Selatan,Kota Prabumulih,"34,479.54","5,937.07",17.22,"24,820.00",71.98,"30,757.07",89.2,"5,723.46",,16.6,P 2
2020,Bengkulu,Kab. Bengkulu Selatan,"23,127.71","1,988.05",8.6,"9,088.50",39.3,"11,076.55",47.89,500.05,,2.16,P 1
2020,Bengkulu,Kab. Bengkulu Utara,"66,651.12","8,324.09",12.49,"15,330.00",23,"23,654.09",35.49,"7,243.37",292,11.31,P 1
2020,Bengkulu,Kab. Lebong,"15,726.97",0,0,"4,336.20",27.57,"4,336.20",27.57,0,,0,P 2
2020,Bengkulu,Kab. Kepahiang,"20,498.84","3,037.89",14.82,"6,570.00",32.05,"9,607.89",46.87,56.58,,0.28,P 2
2020,Bengkulu,Kab. Bengkulu Tengah,"21,214.90","1,276.06",6.01,"5,781.60",27.25,"7,057.66",33.27,271.8,,1.28,P 2
2020,Lampung,Kab. Lampung Barat,"44,805.94","1,064.59",2.38,"4,251.99",9.49,"5,316.58",11.87,"1,064.59",3.39,2.38,P 2
2020,Lampung,Kab. Way Kanan,"70,036.49","44,180.36",63.08,"4,189.98",5.98,"48,370.34",69.06,804.65,247.98,1.5,P 2
2020,Lampung,Kab. Pesawaran,"65,467.86","2,062.29",3.15,"4,380.00",6.69,"6,442.29",9.84,"2,062.29",,3.15,P 2
2020,Lampung,Kota Bandar Lampung,"276,649.16","13,132.14",4.75,"255,500.00",92.36,"268,632.14",97.1,26.47,,0.01,P 2
2020,Lampung,Kota Metro,"37,651.79","5,953.10",15.81,"24,692.25",65.58,"30,645.35",81.39,"5,537.85",,14.71,P 2
2020,Kepulauan Bangka Belitung,Kab. Bangka,"46,947.32","4,085.72",8.7,"27,040.30",57.6,"31,126.02",66.3,"2,143.67",11.32,4.59,P 2
2020,Kepulauan Bangka Belitung,Kab. Belitung,"25,910.91","3,163.15",12.21,"6,953.74",26.84,"10,116.89",39.04,"3,161.37",4.87,12.22,P 2
2020,Kepulauan Bangka Belitung,Kab. Bangka Selatan,"31,901.44","4,741.75",14.86,"16,324.62",51.17,"21,066.37",66.04,"4,019.50",0,12.6,P 1
2020,Kepulauan Bangka Belitung,Kab. Bangka Tengah,"29,160.14","5,299.36",18.17,"4,565.42",15.66,"9,864.78",33.83,220.74,,0.76,P 2
2020,Kepulauan Bangka Belitung,Kab. Bangka Barat,"29,058.53",0,0,"5,526.10",19.02,"5,526.10",19.02,0,,0,P 2
2020,Kepulauan Bangka Belitung,Kab. Belitung Timur,"18,421.99",,,"12,098.81",65.68,"12,098.81",65.68,,,0,P 2
2020,Kepulauan Bangka Belitung,Kota Pangkal Pinang,"55,416.16","9,023.17",16.28,"38,325.00",69.16,"47,348.17",85.44,,847.53,1.53,P 2
2020,Kepulauan Riau,Kab. Bintan,"19,499.65","4,128.52",21.17,"14,472.25",74.22,"18,600.77",95.39,358.97,,1.84,P 2
2020,Kepulauan Riau,Kab. Karimun,"64,677.53","12,311.61",19.04,"50,735.00",78.44,"63,046.61",97.48,"2,874.28",,4.44,P 2
2020,Kepulauan Riau,Kab. Natuna,"11,366.74",,,"4,916.55",43.25,"4,916.55",43.25,,,0,P 2
2020,Kepulauan Riau,Kab. Lingga,"10,157.55","2,264.96",22.3,"5,955.34",58.63,"8,220.30",80.93,"1,434.75",662.84,20.65,P 2
2020,Kepulauan Riau,Kab. Kepulauan Anambas,"4,702.70",218.2,4.64,328.5,6.99,546.7,11.63,142.49,,3.03,P 2
2020,Kepulauan Riau,Kota Tanjung Pinang,"54,013.05","7,069.13",13.09,"33,737.99",62.46,"40,807.12",75.55,,126.97,0.24,P 2
2020,DKI Jakarta,Kab. Adm. Kep. Seribu,"6,329.24","1,499.81",23.7,"4,685.55",74.03,"6,185.36",97.73,863.03,416.27,20.21,P 2
2020,DKI Jakarta,Kota Adm. Jakarta Pusat,"308,331.29","68,330.22",22.16,"234,002.36",75.89,"302,332.58",98.05,"37,682.70","15,009.66",17.09,P 2
2020,DKI Jakarta,Kota Adm. Jakarta Utara,"489,481.03","111,321.02",22.74,"373,285.50",76.26,"484,606.52",99,"25,737.65",,5.26,P 2
2020,DKI Jakarta,Kota Adm. Jakarta Barat,"719,768.00","169,210.45",23.51,"544,629.83",75.67,"713,840.28",99.18,"56,010.63",897.86,7.91,P 2
2020,DKI Jakarta,Kota Adm. Jakarta Selatan,"701,164.63","153,592.24",21.91,"530,070.34",75.6,"683,662.58",97.5,"71,259.19",196.92,10.19,P 2
2020,DKI Jakarta,Kota Adm. Jakarta Timur,"829,738.03","186,180.43",22.44,"626,336.12",75.49,"812,516.56",97.92,"181,822.49",,21.91,P 2
2020,Jawa Barat,Kab. Sukabumi,"375,495.94","81,773.35",21.78,"175,200.00",46.66,"256,973.35",68.44,"14,865.53",,3.96,P 1
2020,Jawa Barat,Kab. Bandung,"482,291.89","63,428.61",13.15,"108,573.58",22.51,"172,002.19",35.66,"52,737.76","6,329.10",12.25,P 2
2020,Jawa Barat,Kab. Ciamis,"209,920.70","95,779.90",45.63,"57,342.96",27.32,"153,122.86",72.94,"90,231.76","4,417.96",45.09,P 2
2020,Jawa Barat,Kab. Cirebon,"448,368.18","8,548.25",1.91,"54,750.00",12.21,"63,298.25",14.12,"8,531.95",,1.9,P 2
2020,Jawa Barat,Kab. Sumedang,"160,816.27","3,248.50",2.02,"41,175.65",25.6,"44,424.15",27.62,"3,248.50",,2.02,P 2
2020,Jawa Barat,Kab. Bekasi,"693,586.51","34,857.45",5.03,"249,295.00",35.94,"284,152.45",40.97,,,0,P 2
2020,Jawa Barat,Kab. Pangandaran,"62,523.33",73,0.12,"10,172.55",16.27,"10,245.55",16.39,0,,0,P 2
2020,Jawa Barat,Kota Bogor,"245,922.33","48,632.76",19.78,"185,464.50",75.42,"234,097.26",95.19,664.46,"3,025.33",1.5,P 2
2020,Jawa Barat,Kota Sukabumi,"65,424.09","14,066.05",21.5,"49,021.58",74.93,"63,087.63",96.43,"5,242.71",9.38,8.03,P 2
2020,Jawa Barat,Kota Depok,"472,854.23","60,480.38",12.79,"377,252.69",79.78,"437,733.06",92.57,"52,553.54","25,721.19",16.55,P 2
2020,Jawa Barat,Kota Cimahi,"99,782.38","13,393.42",13.42,"83,541.20",83.72,"96,934.62",97.15,"13,064.92",,13.09,P 2
2020,Jawa Barat,Kota Tasikmalaya,"106,688.51","11,152.02",10.45,"80,869.40",75.8,"92,021.42",86.25,"11,152.02",,10.45,P 2
2020,Jawa Barat,Kota Banjar,"30,566.85","5,090.50",16.65,"23,367.38",76.45,"28,457.88",93.1,"4,155.59",754.9,16.06,P 2
2020,Jawa Tengah,Kab. Cilacap,"343,019.17","44,735.93",13.04,"220,198.92",64.19,"264,934.86",77.24,679.87,"153,947.78",45.08,P 2
2020,Jawa Tengah,Kab. Kebumen,"148,846.66","30,256.84",20.33,"70,919.50",47.65,"101,176.34",67.97,"19,758.18","7,851.15",18.55,P 1
2020,Jawa Tengah,Kab. Purworejo,"105,146.86","25,106.38",23.88,"18,787.88",17.87,"43,894.25",41.75,"24,826.38","1,932.80",25.45,P 2
2020,Jawa Tengah,Kab. Wonosobo,"128,352.10","15,674.58",12.21,"37,057.54",28.87,"52,732.12",41.08,"2,574.95",192.54,2.16,P 2
2020,Jawa Tengah,Kab. Magelang,"248,530.33","9,555.51",3.84,"29,294.18",11.79,"38,849.69",15.63,"9,555.51",56.48,3.87,P 2
2020,Jawa Tengah,Kab. Boyolali,"105,094.61","24,900.16",23.69,"28,777.69",27.38,"53,677.86",51.08,"24,880.91",801.91,24.44,P 2
2020,Jawa Tengah,Kab. Klaten,"129,045.86",,,"31,152.75",24.14,"31,152.75",24.14,,,0,P 1
2020,Jawa Tengah,Kab. Sukoharjo,"132,863.50","25,137.86",18.92,"62,540.92",47.07,"87,678.78",65.99,"10,411.18",12.78,7.85,P 2
2020,Jawa Tengah,Kab. Wonogiri,"159,663.85","44,698.98",28,"17,905.95",11.21,"62,604.93",39.21,"44,698.98",54.75,28.03,P 2
2020,Jawa Tengah,Kab. Sragen,"195,023.44","41,456.41",21.26,"92,491.00",47.43,"133,947.41",68.68,"5,373.84","6,716.00",6.2,P 2
2020,Jawa Tengah,Kab. Blora,"135,568.25","26,682.94",19.68,"32,735.02",24.15,"59,417.96",43.83,198.94,,0.15,P 2
2020,Jawa Tengah,Kab. Rembang,"86,905.62","14,617.09",16.82,"12,579.06",14.47,"27,196.15",31.29,"14,169.36",15.76,16.32,P 2
2020,Jawa Tengah,Kab. Pati,"239,060.58","56,559.59",23.66,"47,032.08",19.67,"103,591.66",43.33,"4,160.90",779.28,2.07,P 2
2020,Jawa Tengah,Kab. Kudus,"160,924.12","30,627.39",19.03,"68,998.16",42.88,"99,625.55",61.91,"30,094.18","21,066.36",31.79,P 2
2020,Jawa Tengah,Kab. Jepara,"254,418.30","18,135.48",7.13,"28,761.27",11.3,"46,896.75",18.43,"6,758.22",875.27,3,P 2
2020,Jawa Tengah,Kab. Semarang,"194,690.09",167.1,0.09,"62,780.00",32.25,"62,947.10",32.33,167.1,,0.09,P 2
2020,Jawa Tengah,Kab. Temanggung,"181,143.80",,,"40,150.00",22.16,"40,150.00",22.16,,,0,P 2
2020,Jawa Tengah,Kab. Kendal,"148,701.73","10,475.15",7.04,"30,481.15",20.5,"40,956.30",27.54,"8,430.05",131.4,5.76,P 2
2020,Jawa Tengah,Kab. Batang,"87,788.12",655.03,0.75,"86,870.00",98.95,"87,525.03",99.7,157.23,,0.18,P 2
2020,Jawa Tengah,Kab. Pemalang,"142,970.65","29,897.27",20.91,"84,826.00",59.33,"114,723.27",80.24,"3,909.27",876,3.35,P 2
2020,Jawa Tengah,Kab. Tegal,"371,778.31","16,194.52",4.36,"120,450.00",32.4,"136,644.52",36.75,68.03,,0.02,P 2
2020,Jawa Tengah,Kab. Brebes,"361,123.52","29,886.81",8.28,"71,043.60",19.67,"100,930.41",27.95,2.67,,0,P 2
2020,Jawa Tengah,Kota Magelang,"32,709.11","1,495.68",4.57,"24,433.84",74.7,"25,929.52",79.27,"1,495.68",404.79,5.81,P 2
2020,Jawa Tengah,Kota Salatiga,"41,620.01","7,286.43",17.51,135.42,0.33,"7,421.85",17.83,"7,286.43",135.42,17.83,P 2
2020,Jawa Tengah,Kota Semarang,"466,010.79","99,623.21",21.38,"350,027.70",75.11,"449,650.91",96.49,"18,354.73",876,4.13,P 2
2020,D.I. Yogyakarta,Kab. Kulon Progo,"63,713.67","16,770.86",26.32,"9,805.86",15.39,"26,576.72",41.71,"16,735.15",,26.27,P 2
2020,D.I. Yogyakarta,Kab. Bantul,"192,021.91","77,578.28",40.4,"39,814.91",20.73,"117,393.19",61.14,"21,202.01",415.27,11.26,P 2
2020,D.I. Yogyakarta,Kab. Gunungkidul,"131,671.16","30,668.10",23.29,"15,330.00",11.64,"45,998.10",34.93,"5,183.58",,3.94,P 2
2020,D.I. Yogyakarta,Kab. Sleman,"256,210.07","27,444.81",10.71,"85,534.10",33.38,"112,978.91",44.1,"21,084.24",,8.23,P 2
2020,D.I. Yogyakarta,Kota Yogyakarta,"131,689.26","34,330.85",26.07,"388,322.60",294.88,"422,653.44",320.95,"13,616.92",327.6,10.59,P 2
2020,Jawa Timur,Kab. Pacitan,"104,308.04","10,204.12",9.78,"12,285.53",11.78,"22,489.66",21.56,"10,202.48",244.55,10.02,P 2
2020,Jawa Timur,Kab. Ponorogo,"127,432.45","26,665.80",20.93,"95,180.69",74.69,"121,846.49",95.62,"26,345.59","1,010.69",21.47,P 2
2020,Jawa Timur,Kab. Trenggalek,"109,536.65","21,853.70",19.95,"54,750.00",49.98,"76,603.70",69.93,"9,425.45",,8.6,P 2
2020,Jawa Timur,Kab. Tulungagung,"198,883.94","5,495.74",2.76,"69,076.25",34.73,"74,571.99",37.5,"5,283.34",,2.66,P 1
2020,Jawa Timur,Kab. Blitar,"154,237.67","9,101.37",5.9,"56,534.45",36.65,"65,635.81",42.55,"9,101.37","2,076.36",7.25,P 2
2020,Jawa Timur,Kab. Kediri,"185,667.97","9,695.96",5.22,"29,922.70",16.12,"39,618.66",21.34,"8,925.59",,4.81,P 1
2020,Jawa Timur,Kab. Malang,"387,549.70","20,668.18",5.33,"138,882.50",35.84,"159,550.68",41.17,"18,951.80",,4.89,P 1
2020,Jawa Timur,Kab. Lumajang,"183,033.37","34,205.92",18.69,"60,856.56",33.25,"95,062.48",51.94,"17,637.32",266.56,9.78,P 2
2020,Jawa Timur,Kab. Banyuwangi,"454,940.49","45,747.69",10.06,"52,198.65",11.47,"97,946.34",21.53,406.66,"68,545.18",15.16,P 1
2020,Jawa Timur,Kab. Bondowoso,"104,819.19","1,096.77",1.05,"3,745.27",3.57,"4,842.04",4.62,252.83,133.59,0.37,P 2
2020,Jawa Timur,Kab. Situbondo,"94,665.76","17,490.66",18.48,"67,884.15",71.71,"85,374.82",90.19,"4,615.87","13,134.15",18.75,P 2
2020,Jawa Timur,Kab. Probolinggo,"167,335.13","6,441.91",3.85,"21,410.92",12.8,"27,852.83",16.64,551.02,189.41,0.44,P 2
2020,Jawa Timur,Kab. Pasuruan,"424,534.20","76,008.35",17.9,295.56,0.07,"76,303.91",17.97,355.53,295.56,0.15,P 1
2020,Jawa Timur,Kab. Sidoarjo,"396,476.90","126,655.27",31.95,"164,505.50",41.49,"291,160.77",73.44,487.73,255.5,0.19,P 2
2020,Jawa Timur,Kab. Jombang,"192,437.05","12,067.50",6.27,"41,996.90",21.82,"54,064.40",28.09,"4,563.10",,2.37,P 2
2020,Jawa Timur,Kab. Nganjuk,"154,373.54","31,827.06",20.62,"111,979.42",72.54,"143,806.48",93.15,"3,976.82","16,619.52",13.34,P 2
2020,Jawa Timur,Kab. Madiun,"99,900.50","20,971.95",20.99,"9,654.25",9.66,"30,626.20",30.66,"1,694.65",219,1.92,P 1
2020,Jawa Timur,Kab. Magetan,"101,944.50","8,001.95",7.85,"16,103.44",15.8,"24,105.38",23.65,326.86,43.44,0.36,P 2
2020,Jawa Timur,Kab. Ngawi,"133,778.92","24,041.01",17.97,"24,722.91",18.48,"48,763.92",36.45,"4,221.03","1,260.71",4.1,P 2
2020,Jawa Timur,Kab. Bojonegoro,"189,402.15","13,809.33",7.29,"31,061.50",16.4,"44,870.83",23.69,"13,809.33",,7.29,P 1
2020,Jawa Timur,Kab. Tuban,"179,991.08","41,934.16",23.3,"48,229.28",26.8,"90,163.44",50.09,"15,836.26",779.28,9.23,P 2
2020,Jawa Timur,Kab. Gresik,"119,648.37",342.73,0.29,"60,225.00",50.33,"60,567.73",50.62,160.23,,0.13,P 2
2020,Jawa Timur,Kab. Sampang,"88,377.45","7,166.04",8.11,"11,825.61",13.38,"18,991.65",21.49,966.99,"2,700.61",4.15,P 1
2020,Jawa Timur,Kab. Pamekasan,"99,350.12","21,480.79",21.62,"11,335.09",11.41,"32,815.87",33.03,"20,124.81",36.58,20.29,P 2
2020,Jawa Timur,Kab. Sumenep,"132,788.73","3,603.66",2.71,"11,840.60",8.92,"15,444.26",11.63,0.36,,0,P 2
2020,Jawa Timur,Kota Kediri,"55,091.09","6,397.27",11.61,"45,739.61",83.03,"52,136.88",94.64,264.13,"1,574.61",3.34,P 2
2020,Jawa Timur,Kota Blitar,"27,219.69","2,510.35",9.22,"22,558.69",82.88,"25,069.04",92.1,"2,498.29","1,886.18",16.11,P 2
2020,Jawa Timur,Kota Malang,"247,389.19","55,645.41",22.49,"185,701.24",75.06,"241,346.65",97.56,"55,554.90","5,591.99",24.72,P 2
2020,Jawa Timur,Kota Probolinggo,"34,949.48","5,341.35",15.28,"24,931.10",71.33,"30,272.45",86.62,"2,446.84",193.96,7.56,P 2
2020,Jawa Timur,Kota Pasuruan,"48,394.73","13,161.30",27.2,"32,472.21",67.1,"45,633.51",94.29,"13,161.30",0,27.2,P 2
2020,Jawa Timur,Kota Mojokerto,"23,790.34","3,621.55",15.22,"18,250.00",76.71,"21,871.55",91.93,"1,220.11",73,5.44,P 2
2020,Jawa Timur,Kota Madiun,"43,133.55","9,728.46",22.55,"32,088.98",74.39,"41,817.44",96.95,"4,067.09",299.3,10.12,P 2
2020,Jawa Timur,Kota Surabaya,"811,255.10","67,849.78",8.36,"714,820.50",88.11,"782,670.28",96.48,"3,117.15","110,899.87",14.05,P 2
2020,Banten,Kab. Pandeglang,"176,515.61","4,526.00",2.56,"11,680.00",6.62,"16,206.00",9.18,,,0,P 1
2020,Banten,Kab. Lebak,"187,706.21","30,906.19",16.47,"33,580.00",17.89,"64,486.19",34.35,"6,693.07",,3.57,P 2
2020,Banten,Kab. Serang,"414,581.97",54.96,0.01,"32,780.65",7.91,"32,835.61",7.92,54.96,,0.01,P 2
2020,Banten,Kota Cilegon,"136,458.00",459.9,0.34,"96,725.00",70.88,"97,184.90",71.22,459.9,,0.34,P 2
2020,Banten,Kota Serang,"190,440.06","37,235.99",19.55,"106,718.70",56.04,"143,954.69",75.59,"3,074.83",,1.61,P 2
2020,Banten,Kota Tangerang Selatan,"390,753.87","45,280.98",11.59,"224,600.93",57.48,"269,881.91",69.07,"45,048.84","14,335.38",15.2,P 2
2020,Bali,Kab. Jembrana,"60,115.32","9,726.78",16.18,"11,680.00",19.43,"21,406.78",35.61,"9,726.78",,16.18,P 2
2020,Bali,Kab. Tabanan,"84,247.48","4,129.22",4.9,"33,717.57",40.02,"37,846.79",44.92,622.81,,0.74,P 2
2020,Bali,Kab. Badung,"102,654.16","10,381.84",10.11,"57,112.67",55.64,"67,494.50",65.75,"10,381.84","2,837.17",12.88,P 2
2020,Bali,Kab. Gianyar,"160,182.08","20,120.79",12.56,"113,150.00",70.64,"133,270.79",83.2,"18,575.42",,11.6,P 2
2020,Bali,Kab. Bangli,"39,777.41","6,499.87",16.34,"20,925.09",52.61,"27,424.95",68.95,"2,017.15",667.59,6.75,P 2
2020,Bali,Kab. Karangasem,"91,067.50","16,046.68",17.62,"31,769.60",34.89,"47,816.28",52.51,"3,402.50",0,3.74,P 2
2020,Bali,Kab. Buleleng,"124,791.86","9,880.38",7.92,"53,098.88",42.55,"62,979.26",50.47,"6,827.23",338.13,5.74,P 2
2020,Bali,Kota Denpasar,"242,088.55","15,353.00",6.34,"117,015.39",48.34,"132,368.39",54.68,0,194.91,0.08,P 2
2020,Nusa Tenggara Barat,Kab. Lombok Timur,"176,454.72","9,691.49",5.49,"51,751.16",29.33,"61,442.64",34.82,328.9,437.27,0.43,P 2
2020,Nusa Tenggara Barat,Kab. Lombok Utara,"26,765.44","5,048.17",18.86,"17,114.85",63.94,"22,163.02",82.8,"2,106.78",,7.87,P 2
2020,Nusa Tenggara Timur,Kab. Sumba Tengah,"9,360.28",591.41,6.32,"2,190.00",23.4,"2,781.41",29.72,36.5,,0.39,P 2
2020,Kalimantan Barat,Kab. Sambas,"100,182.28","3,156.01",3.15,"91,038.30",90.87,"94,194.31",94.02,"3,127.17",,3.12,P 2
2020,Kalimantan Barat,Kab. Mempawah,"26,248.50",37.08,0.14,"7,824.14",29.81,"7,861.22",29.95,1.08,,0,P 2
2020,Kalimantan Barat,Kab. Sanggau,"87,137.36",21.17,0.02,"13,692.97",15.71,"13,714.14",15.74,,,0,P 2
2020,Kalimantan Barat,Kab. Ketapang,"94,503.79","4,813.03",5.09,"18,404.40",19.47,"23,217.43",24.57,"4,225.34",63.15,4.54,P 2
2020,Kalimantan Barat,Kab. Bengkayang,"37,437.76",0,0,"6,504.30",17.37,"6,504.30",17.37,,,0,P 1
2020,Kalimantan Barat,Kab. Melawi,"34,184.59",576.7,1.69,"13,008.60",38.05,"13,585.30",39.74,576.7,,1.69,P 2
2020,Kalimantan Barat,Kota Pontianak,"140,823.35","11,686.69",8.3,"109,731.73",77.92,"121,418.41",86.22,"11,014.10",231.73,7.99,P 2
2020,Kalimantan Barat,Kota Singkawang,"41,331.69","1,434.14",3.47,"15,373.43",37.2,"16,807.58",40.67,"1,434.14",,3.47,P 2
2020,Kalimantan Tengah,Kab. Kotawaringin Barat,"45,685.01","5,431.03",11.89,"17,863.10",39.1,"23,294.13",50.99,"1,609.84",,3.52,P 2
2020,Kalimantan Tengah,Kab. Kotawaringin Timur,"94,086.47","2,018.45",2.15,"18,250.00",19.4,"20,268.45",21.54,0,,0,P 2
2020,Kalimantan Tengah,Kab. Kapuas,"75,850.29","3,130.28",4.13,"5,627.82",7.42,"8,758.10",11.55,964.31,11.83,1.29,P 2
2020,Kalimantan Tengah,Kab. Barito Utara,"19,084.10","4,147.83",21.73,"13,545.15",70.98,"17,692.98",92.71,976.28,40.15,5.33,P 2
2020,Kalimantan Tengah,Kab. Sukamara,"9,426.64",528.29,5.6,"6,394.80",67.84,"6,923.09",73.44,74.83,,0.79,P 2
2020,Kalimantan Tengah,Kab. Barito Timur,"16,531.43",0,0,"4,757.77",28.78,"4,757.77",28.78,,,0,P 2
2020,Kalimantan Tengah,Kota Palangkaraya,"52,570.77","11,836.52",22.52,"39,413.43",74.97,"51,249.95",97.49,"10,186.88",66.43,19.5,P 2
2020,Kalimantan Selatan,Kab. Kotabaru,"51,334.18","5,941.18",11.57,"17,520.00",34.13,"23,461.18",45.7,0,,0,P 1
2020,Kalimantan Selatan,Kab. Barito Kuala,"33,981.46","7,245.35",21.32,"16,979.80",49.97,"24,225.15",71.29,"5,523.56","1,540.30",20.79,P 2
2020,Kalimantan Selatan,Kab. Tapin,"28,035.94","3,778.41",13.48,"15,784.06",56.3,"19,562.47",69.78,"3,608.42",362.81,14.16,P 2
2020,Kalimantan Selatan,Kab. Hulu Sungai Selatan,"34,374.09","8,806.29",25.62,"15,700.48",45.68,"24,506.77",71.29,"1,231.45","1,282.98",7.31,P 2
2020,Kalimantan Selatan,Kab. Hulu Sungai Tengah,"39,840.63","10,866.49",27.27,"19,197.18",48.18,"30,063.67",75.46,"10,866.49","1,312.18",30.57,P 2
2020,Kalimantan Selatan,Kab. Hulu Sungai Utara,"35,280.75","9,180.38",26.02,"25,746.17",72.98,"34,926.55",99,"3,593.81","1,141.52",13.42,P 2
2020,Kalimantan Selatan,Kab. Tabalong,"36,123.17","1,883.93",5.22,"20,038.50",55.47,"21,922.43",60.69,"1,883.93",,5.22,P 2
2020,Kalimantan Selatan,Kab. Tanah Bumbu,"59,375.65","6,541.86",11.02,"44,530.00",75,"51,071.86",86.01,"6,541.86",,11.02,P 1
2020,Kalimantan Selatan,Kab. Balangan,"20,733.57",438,2.11,"14,320.77",69.07,"14,758.77",71.18,438,"3,133.53",17.23,P 2
2020,Kalimantan Selatan,Kota Banjarmasin,"181,041.17","40,226.64",22.22,"140,798.75",77.77,"181,025.39",99.99,0,,0,P 2
2020,Kalimantan Selatan,Kota Banjarbaru,"53,699.76","10,908.00",20.31,"42,481.30",79.11,"53,389.31",99.42,"7,963.21",141.3,15.09,P 2
2020,Kalimantan Timur,Kab. Paser,"39,628.93","4,393.02",11.09,"24,572.13",62.01,"28,965.14",73.09,"1,160.57",135.38,3.27,P 2
2020,Kalimantan Timur,Kab. Kutai Kartanegara,"77,215.90","5,823.72",7.54,"17,927.78",23.22,"23,751.50",30.76,,87.6,0.11,P 2
2020,Kalimantan Timur,Kab. Kutai Timur,"77,411.03",233.11,0.3,"34,675.00",44.79,"34,908.11",45.09,233.11,"13,870.00",18.22,P 1
2020,Kalimantan Timur,Kab. Penajam Paser Utara,"39,889.94","10,799.21",27.07,"12,844.35",32.2,"23,643.56",59.27,"9,939.33",69.35,25.09,P 2
2020,Kalimantan Timur,Kota Balikpapan,"175,865.25","39,007.49",22.18,237.25,0.13,"39,244.74",22.32,"28,161.52",237.25,16.15,P 2
2020,Kalimantan Timur,Kota Samarinda,"226,578.93","33,118.92",14.62,"166,657.18",73.55,"199,776.10",88.17,"26,404.52",666.13,11.95,P 2
2020,Kalimantan Timur,Kota Bontang,"37,769.85","7,347.34",19.45,"29,139.48",77.15,"36,486.82",96.6,"6,394.70",91.25,17.17,P 2
2020,Kalimantan Utara,Kab. Nunukan,"16,794.78","3,822.05",22.76,"8,104.15",48.25,"11,926.20",71.01,"2,461.14","2,052.45",26.87,P 2
2020,Kalimantan Utara,Kota Tarakan,"63,924.05","8,833.43",13.82,"50,870.05",79.58,"59,703.48",93.4,"2,372.42",500.05,4.49,P 2
2020,Sulawesi Utara,Kab. Minahasa,"62,700.43","6,978.80",11.13,"31,390.00",50.06,"38,368.80",61.19,,,0,P 2
2020,Sulawesi Utara,Kab. Kepulauan Sangihe,"25,415.32","2,722.60",10.71,"12,023.10",47.31,"14,745.70",58.02,,,0,P 2
2020,Sulawesi Utara,Kab. Kepulauan Talaud,"24,104.13","3,887.61",16.13,"4,380.00",18.17,"8,267.61",34.3,,,0,P 1
2020,Sulawesi Utara,Kab. Minahasa Selatan,"34,523.60","3,768.10",10.91,"9,125.00",26.43,"12,893.10",37.35,57.12,,0.17,P 2
2020,Sulawesi Utara,Kab. Minahasa Utara,"37,904.52","5,069.74",13.38,"18,067.50",47.67,"23,137.24",61.04,15.23,,0.04,P 2
2020,Sulawesi Utara,Kab. Minahasa Tenggara,"16,282.65","6,222.35",38.21,"7,862.83",48.29,"14,085.18",86.5,654.88,15.33,4.12,P 2
2020,Sulawesi Utara,Kab. Bolaang Mongondow Utara,"15,773.48",83.95,0.53,"5,110.00",32.4,"5,193.95",32.93,,,0,P 1
2020,Sulawesi Utara,Kab. Kep. Siau Tagulandang Biaro,"13,106.60",0,0,"2,920.00",22.28,"2,920.00",22.28,,,0,P 2
2020,Sulawesi Utara,Kab. Bolaang Mongondow Selatan,"12,736.86",0,0,"3,650.00",28.66,"3,650.00",28.66,,,0,P 2
2020,Sulawesi Utara,Kota Manado,"121,504.81","3,693.36",3.04,"102,200.00",84.11,"105,893.36",87.15,0,,0,P 1
2020,Sulawesi Utara,Kota Bitung,"49,304.35","8,547.72",17.34,"26,040.16",52.82,"34,587.87",70.15,,22.96,0.05,P 2
2020,Sulawesi Utara,Kota Tomohon,"25,699.98","3,434.76",13.36,"18,980.00",73.85,"22,414.76",87.22,,,0,P 2
2020,Sulawesi Utara,Kota Kotamobagu,"31,553.74","3,139.29",9.95,"22,531.45",71.41,"25,670.74",81.36,"1,227.40",193.45,4.5,P 2
2020,Sulawesi Tengah,Kab. Banggai,"68,687.53","14,081.77",20.5,"37,659.06",54.83,"51,740.83",75.33,24.28,"3,632.30",5.32,P 2
2020,Sulawesi Tengah,Kab. Poso,"37,365.93","2,045.50",5.47,"8,176.00",21.88,"10,221.50",27.36,"1,668.24",,4.46,P 1
2020,Sulawesi Tengah,Kab. Donggala,"44,400.06","1,593.24",3.59,"3,047.75",6.86,"4,640.99",10.45,"1,009.08",10.95,2.3,P 2
2020,Sulawesi Tengah,Kab. Parigi Moutong,"80,302.74",755.08,0.94,"4,362.12",5.43,"5,117.19",6.37,247.11,25.92,0.34,P 2
2020,Sulawesi Tengah,Kota Palu,"72,298.84","6,295.88",8.71,"58,454.75",80.85,"64,750.63",89.56,365.73,,0.51,P 2
2020,Sulawesi Selatan,Kab. Kepulauan Selayar,"25,015.46","1,082.87",4.33,"5,038.42",20.14,"6,121.29",24.47,"1,082.87",,4.33,P 2
2020,Sulawesi Selatan,Kab. Bulukumba,"62,768.76","11,735.31",18.7,"1,234.43",1.97,"12,969.74",20.66,"1,581.84",923.45,3.99,P 2
2020,Sulawesi Selatan,Kab. Bantaeng,"29,362.79","6,073.49",20.68,"8,929.21",30.41,"15,002.69",51.09,"5,763.35",508.66,21.36,P 2
2020,Sulawesi Selatan,Kab. Bone,"139,714.88","15,637.39",11.19,"30,660.00",21.94,"46,297.39",33.14,"4,587.74",,3.28,P 2
2020,Sulawesi Selatan,Kab. Maros,"56,583.91","10,412.81",18.4,"25,567.16",45.18,"35,979.96",63.59,"2,903.72",17.16,5.16,P 2
2020,Sulawesi Selatan,Kab. Pangkajene Kepulauan,"51,641.66",828.33,1.6,"18,024.43",34.9,"18,852.76",36.51,732.63,161.33,1.73,P 2
2020,Sulawesi Selatan,Kab. Barru,"26,998.76","6,327.70",23.44,"12,789.54",47.37,"19,117.23",70.81,"6,326.66",10.47,23.47,P 1
2020,Sulawesi Selatan,Kab. Soppeng,"34,951.09","4,094.71",11.72,"22,986.60",65.77,"27,081.32",77.48,"3,314.10",46.36,9.61,P 2
2020,Sulawesi Selatan,Kab. Wajo,"58,080.84",334.79,0.58,"23,137.75",39.84,"23,472.54",40.41,16.56,113.55,0.22,P 2
2020,Sulawesi Selatan,Kab. Sidenreng Rappang,"48,328.34","8,581.78",17.76,"24,195.85",50.07,"32,777.63",67.82,"8,559.44",288.35,18.31,P 2
2020,Sulawesi Selatan,Kab. Enrekang,"41,386.62","8,737.93",21.11,"7,117.53",17.2,"15,855.45",38.31,"3,626.12","6,935.03",25.52,P 2
2020,Sulawesi Selatan,Kab. Luwu,"54,189.65","3,480.62",6.42,"12,475.65",23.02,"15,956.27",29.45,751.6,,1.39,P 2
2020,Sulawesi Selatan,Kab. Luwu Utara,"48,119.56",353.89,0.74,"6,602.85",13.72,"6,956.74",14.46,353.39,,0.73,P 2
2020,Sulawesi Selatan,Kab. Luwu Timur,"43,752.26","3,656.99",8.36,"24,637.50",56.31,"28,294.49",64.67,"2,576.10",182.5,6.31,P 2
2020,Sulawesi Selatan,Kota Makassar,"363,800.57","3,697.98",1.02,"255,784.71",70.31,"259,482.69",71.33,"1,832.83",,0.5,P 2
2020,Sulawesi Selatan,Kota Pare Pare,"27,286.67","2,807.78",10.29,"20,221.00",74.11,"23,028.78",84.4,,,0,P 2
2020,Sulawesi Selatan,Kota Palopo,"38,823.96","1,947.46",5.02,"18,487.25",47.62,"20,434.71",52.63,472.98,237.25,1.83,P 2
2020,Sulawesi Tenggara,Kab. Kolaka,"57,370.12","2,324.57",4.05,"13,321.77",23.22,"15,646.34",27.27,"2,316.40",57.67,4.14,P 2
2020,Sulawesi Tenggara,Kab. Konawe,"36,355.46","1,325.46",3.65,"5,664.41",15.58,"6,989.87",19.23,"1,325.46",59.39,3.81,P 1
2020,Sulawesi Tenggara,Kab. Buton,"14,856.67",,,"4,623.97",31.12,"4,623.97",31.12,,,0,P 2
2020,Sulawesi Tenggara,Kab. Bombana,"22,946.09","2,003.49",8.73,"3,650.00",15.91,"5,653.49",24.64,387.24,,1.69,P 1
2020,Sulawesi Tenggara,Kab. Kolaka Utara,"22,088.34","1,481.35",6.71,"7,340.33",33.23,"8,821.69",39.94,564.47,40.33,2.74,P 2
2020,Gorontalo,Kab. Gorontalo,"53,506.23",431.74,0.81,"6,253.36",11.69,"6,685.10",12.49,411.99,59.31,0.88,P 2
2020,Gorontalo,Kab. Pohuwato,"21,532.96",0,0,"11,242.06",52.21,"11,242.06",52.21,,"8,095.40",37.6,P 2
2020,Gorontalo,Kota Gorontalo,"51,146.76","1,650.85",3.23,"27,010.00",52.81,"28,660.85",56.04,657,,1.28,P 1
2020,Sulawesi Barat,Kab. Pasangkayu,"26,062.17","4,260.28",16.35,"1,376.42",5.28,"5,636.69",21.63,"4,224.88","1,376.42",21.49,P 2
2020,Sulawesi Barat,Kab. Mamuju,"48,178.80","4,897.77",10.17,"5,869.20",12.18,"10,766.97",22.35,"4,897.77",,10.17,P 2
2020,Sulawesi Barat,Kab. Polewali Mandar,"65,391.50","11,105.11",16.98,"23,562.54",36.03,"34,667.65",53.02,"3,201.42","1,662.54",7.44,P 2
2020,Maluku,Kab. Buru Selatan,"11,238.06","1,967.79",17.51,"7,106.55",63.24,"9,074.34",80.75,,,0,P 2
2020,Maluku,Kota Ambon,"98,753.56","11,612.41",11.76,"59,568.00",60.32,"71,180.41",72.08,797.04,,0.81,P 2
2020,Maluku Utara,Kab. Halmahera Utara,"50,496.51",,,"12,775.00",25.3,"12,775.00",25.3,,,0,P 2
2020,Maluku Utara,Kab. Pulau Morotai,"10,867.66",,,"54,750.00",503.79,"54,750.00",503.79,,,0,P 2
2020,Maluku Utara,Kota Ternate,"26,933.22","5,101.68",18.94,"19,872.42",73.78,"24,974.10",92.73,235.32,63.88,1.11,P 1
2020,Maluku Utara,Kota Tidore Kepulauan,"16,753.21","1,707.24",10.19,"9,055.65",54.05,"10,762.89",64.24,"1,596.00",138.94,10.36,P 2
2020,Papua,Kab. Biak Numfor,"21,308.99","3,952.37",18.55,"15,982.62",75,"19,934.99",93.55,"3,173.00",,14.89,P 2
2020,Papua,Kab. Keerom,"9,305.16",,,"3,021.84",32.47,"3,021.84",32.47,,,0,P 2
2020,Papua,Kab. Asmat,"16,075.33",0,0,"2,737.50",17.03,"2,737.50",17.03,,,0,P 2
2020,Papua,Kota Jayapura,"92,442.31","5,076.90",5.49,"67,532.30",73.05,"72,609.20",78.55,"4,090.38",,4.42,P 2
2020,Papua Barat,Kab. Manokwari,"57,182.95",14.4,0.03,"39,306.85",68.74,"39,321.25",68.76,14.4,,0.03,P 2
2020,Papua Barat,Kab. Sorong Selatan,"7,929.55",3.16,0.04,"1,131.50",14.27,"1,134.66",14.31,,,0,P 2
2020,Papua Barat,Kab. Raja Ampat,"12,090.99",31.06,0.26,547.5,4.53,578.56,4.79,27.33,547.5,4.75,P 2
2019,Aceh,Kab. Aceh Selatan,"35,013.28","1,841.06",5.26,"12,826.10",36.63,"14,667.16",41.89,,,0,P 2
2019,Aceh,Kab. Aceh Tengah,"36,853.74","2,496.54",6.77,"22,228.50",60.32,"24,725.04",67.09,"1,053.03",,2.86,P 2
2019,Aceh,Kab. Simeulue,"16,044.14",219,1.36,"4,938.45",30.78,"5,157.45",32.15,219,,1.36,P 2
2019,Aceh,Kab. Gayo Lues,"13,738.60",14.6,0.11,"5,945.85",43.28,"5,960.45",43.38,,,0,P 2
2019,Aceh,Kab. Bener Meriah,"23,683.10",666.62,2.81,"8,395.00",35.45,"9,061.62",38.26,,,0,P 2
2019,Aceh,Kota Banda Aceh,"87,088.96","11,765.54",13.51,"69,380.92",79.67,"81,146.46",93.18,"11,631.09",,13.36,P 2
2019,Aceh,Kota Sabang,"7,886.51",0,0,"6,380.20",80.9,"6,380.20",80.9,,,0,P 2
2019,Aceh,Kota Langsa,"34,522.61","6,985.43",20.23,"17,885.00",51.81,"24,870.43",72.04,640.27,197.1,2.43,P 2
2019,Sumatera Utara,Kab. Langkat,"152,099.15","2,184.15",1.44,"20,075.00",13.2,"22,259.15",14.63,647.5,3.65,0.43,P 2
2019,Sumatera Utara,Kab. Deli Serdang,"393,401.56","8,549.00",2.17,"149,759.50",38.07,"158,308.50",40.24,"8,549.00",109.5,2.2,P 2
2019,Sumatera Utara,Kab. Asahan,"226,473.72","26,563.67",11.73,"152,971.50",67.54,"179,535.17",79.27,145.29,,0.06,P 2
2019,Sumatera Utara,Kab. Dairi,"41,347.64",146.97,0.36,"9,708.27",23.48,"9,855.24",23.84,36.2,72.27,0.26,P 2
2019,Sumatera Utara,Kab. Humbang Hasundutan,"20,638.56",365.18,1.77,"10,991.26",53.26,"11,356.44",55.03,,41.26,0.2,P 2
2019,Sumatera Utara,Kab. Samosir,"29,938.10","1,350.50",4.51,"10,280.96",34.34,"11,631.45",38.85,"1,058.50",60.96,3.74,P 2
2019,Sumatera Utara,Kota Medan,"621,968.76","2,284.46",0.37,"310,250.00",49.88,"312,534.46",50.25,"1,554.46",,0.25,P 2
2019,Sumatera Utara,Kota Pematang Siantar,"83,871.96","7,228.23",8.62,"64,422.50",76.81,"71,650.73",85.43,"6,460.39",,7.7,P 2
2019,Sumatera Utara,Kota Tebing Tinggi,"44,229.35","6,925.52",15.66,"31,987.27",72.32,"38,912.79",87.98,"6,925.52",308.92,16.36,P 2
2019,Sumatera Barat,Kab. Pesisir Selatan,"50,448.40","8,414.71",16.68,"10,220.00",20.26,"18,634.71",36.94,"4,394.60",,8.71,P 2
2019,Sumatera Barat,Kab. Sijunjung,"34,435.06","22,959.24",66.67,"6,624.75",19.24,"29,583.99",85.91,"22,614.68",,65.67,P 2
2019,Sumatera Barat,Kab. Tanah Datar,"43,849.48","6,936.34",15.82,"15,162.96",34.58,"22,099.30",50.4,"6,767.48",550.63,16.69,P 2
2019,Sumatera Barat,Kab. Agam,"71,727.17","1,650.37",2.3,"14,349.54",20.01,"15,999.90",22.31,"1,648.49",4.09,2.3,P 2
2019,Sumatera Barat,Kab. Pasaman,"31,594.98","2,233.96",7.07,"10,417.10",32.97,"12,651.06",40.04,"1,438.66",,4.55,P 2
2019,Sumatera Barat,Kab. Dharmasraya,"35,161.11","2,921.63",8.31,"19,691.75",56,"22,613.38",64.31,857.06,,2.44,P 2
2019,Sumatera Barat,Kota Padang,"233,774.32","31,178.54",13.34,"171,552.19",73.38,"202,730.73",86.72,"18,791.28",2.19,8.04,P 2
2019,Sumatera Barat,Kota Solok,"18,143.06","1,657.37",9.13,"15,822.75",87.21,"17,480.12",96.35,"1,215.65",73,7.1,P 2
2019,Sumatera Barat,Kota Sawahlunto,"6,756.54",603.21,8.93,"5,332.65",78.93,"5,935.86",87.85,493.49,,7.3,P 2
2019,Sumatera Barat,Kota Padang Panjang,"16,867.96","2,242.16",13.29,"14,571.53",86.39,"16,813.69",99.68,429.03,77.38,3,P 2
2019,Sumatera Barat,Kota Bukittinggi,"41,402.80",976.1,2.36,"39,528.00",95.47,"40,504.10",97.83,777.27,292,2.58,P 2
2019,Sumatera Barat,Kota Payakumbuh,"35,543.88","7,100.02",19.98,"26,184.01",73.67,"33,284.03",93.64,"6,574.73",28.11,18.58,P 2
2019,Riau,Kab. Kampar,"125,917.12","23,690.69",18.81,"48,925.51",38.86,"72,616.20",57.67,881.54,15.51,0.71,P 2
2019,Riau,Kab. Pelalawan,"54,072.27","9,276.43",17.16,"14,072.88",26.03,"23,349.31",43.18,1.4,407.65,0.76,P 2
2019,Riau,Kab. Rokan Hilir,"182,786.74","30,660.36",16.77,"53,731.65",29.4,"84,392.01",46.17,"8,807.54",76.65,4.86,P 2
2019,Riau,Kab. Siak,"67,950.44","13,621.76",20.05,"30,021.25",44.18,"43,643.01",64.23,"3,974.42",,5.85,P 2
2019,Riau,Kota Pekanbaru,"378,324.91","81,040.91",21.42,"295,942.00",78.22,"376,982.91",99.65,"43,356.73","2,482.00",12.12,P 2
2019,Jambi,Kab. Merangin,"70,140.04","20,791.55",29.64,"26,783.70",38.19,"47,575.25",67.83,"5,837.00","9,271.00",21.54,P 2
2019,Jambi,Kab. Sarolangun,"44,078.57","3,059.39",6.94,"4,051.50",9.19,"7,110.89",16.13,"1,941.44",,4.4,P 2
2019,Jambi,Kab. Batanghari,"44,110.54","8,002.30",18.14,"9,125.00",20.69,"17,127.30",38.83,329.76,,0.75,P 2
2019,Jambi,Kab. Muaro Jambi,"29,208.76","3,863.77",13.23,182.5,0.62,"4,046.27",13.85,"1,071.28",,3.67,P 2
2019,Jambi,Kab. Bungo,"54,519.90","10,849.70",19.9,"28,431.87",52.15,"39,281.57",72.05,"6,272.38","7,447.82",25.17,P 2
2019,Jambi,Kota Jambi,"154,557.83","4,394,563.03","2,843.31","116,537.20",75.4,"4,511,100.22","2,918.71","4,381,564.14",,"2,834.90",P 2
2019,Jambi,Kota Sungai Penuh,"18,420.46",0,0,"11,862.50",64.4,"11,862.50",64.4,,,0,P 2
2019,Sumatera Selatan,Kab. Ogan Komering Ulu,"53,565.79","9,477.24",17.69,"18,793.12",35.08,"28,270.36",52.78,"8,926.86",411.72,17.43,P 2
2019,Sumatera Selatan,Kab. Muara Enim,"160,622.89","34,022.64",21.18,"34,748.00",21.63,"68,770.64",42.81,"14,839.06",,9.24,P 2
2019,Sumatera Selatan,Kab. Lahat,"110,721.95","1,831.03",1.65,"43,800.00",39.56,"45,631.03",41.21,"1,734.62",,1.57,P 2
2019,Sumatera Selatan,Kab. Musi Rawas,"103,522.21","7,457.50",7.2,"4,015.00",3.88,"11,472.50",11.08,"3,104.37",,3,P 2
2019,Sumatera Selatan,Kab. Musi Banyuasin,"93,239.98","513,525.53",550.76,"17,242.60",18.49,"530,768.13",569.25,"506,841.83",,543.59,P 2
2019,Sumatera Selatan,Kab. Empat Lawang,"63,928.40",175.55,0.27,"6,570.00",10.28,"6,745.55",10.55,121.55,,0.19,P 2
2019,Sumatera Selatan,Kota Palembang,"424,869.16","83,393.25",19.63,"324,828.10",76.45,"408,221.35",96.08,"21,593.63",0,5.08,P 2
2019,Sumatera Selatan,Kota Prabumulih,"34,097.21","6,046.01",17.73,"25,550.00",74.93,"31,596.01",92.66,"5,895.30",,17.29,P 2
2019,Bengkulu,Kab. Bengkulu Selatan,"23,127.71","2,103.39",9.09,"9,088.50",39.3,"11,191.89",48.39,428.51,,1.85,P 2
2019,Bengkulu,Kab. Bengkulu Utara,"65,408.29",0,0,"15,658.50",23.94,"15,658.50",23.94,0,620.5,0.95,P 2
2019,Bengkulu,Kab. Lebong,"15,665.22",0,0,"4,336.20",27.68,"4,336.20",27.68,,,0,P 2
2019,Bengkulu,Kab. Kepahiang,"20,068.87","3,863.89",19.25,"6,570.00",32.74,"10,433.89",51.99,41.98,,0.21,P 2
2019,Bengkulu,Kab. Bengkulu Tengah,"20,897.71","1,691.63",8.09,"3,854.40",18.44,"5,546.03",26.54,175.45,,0.84,P 2
2019,Lampung,Kab. Lampung Barat,"44,266.32",474.08,1.07,"2,711.95",6.13,"3,186.03",7.2,440.69,,1,P 2
2019,Lampung,Kab. Way Kanan,"65,902.21","46,810.97",71.03,"1,971.00",2.99,"48,781.97",74.02,63.96,,0.1,P 2
2019,Lampung,Kab. Pringsewu,"57,993.97",20.01,0.03,"24,820.00",42.8,"24,840.01",42.83,15.5,,0.03,P 2
2019,Lampung,Kota Bandar Lampung,"249,468.38","10,961.73",4.39,"237,276.47",95.11,"248,238.20",99.51,,26.47,0.01,P 2
2019,Lampung,Kota Metro,"37,416.59","5,544.64",14.82,"22,977,276.11","61,409.33","22,982,820.75","61,424.15","5,130.45",,13.71,P 2
2019,Kepulauan Bangka Belitung,Kab. Bangka,"46,538.38","3,596.22",7.73,"26,510.31",56.96,"30,106.54",64.69,"2,288.80",11.32,4.94,P 2
2019,Kepulauan Bangka Belitung,Kab. Bangka Selatan,"31,275.97","4,741.75",15.16,"20,401.68",65.23,"25,143.42",80.39,"4,019.50","1,056.68",16.23,P 2
2019,Kepulauan Bangka Belitung,Kab. Bangka Tengah,"28,704.62","4,923.91",17.15,"4,482.20",15.61,"9,406.11",32.77,171.72,,0.6,P 2
2019,Kepulauan Bangka Belitung,Kota Pangkal Pinang,"52,978.44","25,078.76",47.34,"17,252.46",32.57,"42,331.22",79.9,"5,447.97",827.46,11.85,P 2
2019,Kepulauan Riau,Kab. Bintan,"18,724.68","3,490.93",18.64,"14,278.80",76.26,"17,769.73",94.9,315.36,,1.68,P 2
2019,Kepulauan Riau,Kab. Karimun,"64,005.56","12,678.57",19.81,"50,735.00",79.27,"63,413.57",99.08,"3,764.54",,5.88,P 2
2019,Kepulauan Riau,Kab. Natuna,"11,096.86",,,"4,730.40",42.63,"4,730.40",42.63,,,0,P 2
2019,Kepulauan Riau,Kab. Lingga,"9,958.48","2,256.32",22.66,"5,011.45",50.32,"7,267.77",72.98,"1,952.42",10.95,19.72,P 2
2019,Kepulauan Riau,Kab. Kepulauan Anambas,"4,645.98",260.84,5.61,200.75,4.32,461.59,9.94,186,,4,P 2
2019,Kepulauan Riau,Kota Batam,"486,321.91","95,138.55",19.56,"387,692.03",79.72,"482,830.58",99.28,"1,045.55",36.5,0.22,P 2
2019,Kepulauan Riau,Kota Tanjung Pinang,"52,387.65","7,469.30",14.26,"30,779.45",58.75,"38,248.75",73.01,"3,197.16",126.75,6.34,P 2
2019,DKI Jakarta,Kab. Adm. Kep. Seribu,"6,210.12","1,139.01",18.34,"4,892.38",78.78,"6,031.38",97.12,"1,139.01",3.45,18.4,P 2
2019,DKI Jakarta,Kota Adm. Jakarta Utara,"484,561.02","51,413.89",10.61,"432,288.50",89.21,"483,702.39",99.82,"19,987.39",,4.12,P 2
2019,DKI Jakarta,Kota Adm. Jakarta Selatan,"695,190.04","49,639.30",7.14,"589,127.24",84.74,"638,766.54",91.88,"37,021.25",,5.33,P 2
2019,DKI Jakarta,Kota Adm. Jakarta Timur,"822,585.19","71,658.43",8.71,"688,406.77",83.69,"760,065.20",92.4,"5,399.99",303.53,0.69,P 2
2019,Jawa Barat,Kab. Sukabumi,"372,510.24","73,526.07",19.74,"152,570.00",40.96,"226,096.07",60.7,"15,030.15",,4.03,P 2
2019,Jawa Barat,Kab. Bandung,"482,291.89","47,103.25",9.77,"91,960.56",19.07,"139,063.81",28.83,"47,103.25","2,186.35",10.22,P 1
2019,Jawa Barat,Kab. Ciamis,"207,071.95","69,883.08",33.75,"41,317.64",19.95,"111,200.72",53.7,"65,700.92","3,357.64",33.35,P 2
2019,Jawa Barat,Kab. Sumedang,"159,837.88","2,482.57",1.55,"38,846.95",24.3,"41,329.53",25.86,"2,482.57",,1.55,P 2
2019,Jawa Barat,Kab. Subang,"379,288.79",,,"66,065.00",17.42,"66,065.00",17.42,,,0,P 2
2019,Jawa Barat,Kab. Bekasi,"662,451.28","40,916.46",6.18,"170,090.00",25.68,"211,006.46",31.85,,,0,P 2
2019,Jawa Barat,Kab. Pangandaran,"62,018.76",188.44,0.3,"8,672.40",13.98,"8,860.84",14.29,115.44,,0.19,P 2
2019,Jawa Barat,Kota Bogor,"240,205.33","34,841.41",14.5,"187,773.93",78.17,"222,615.34",92.68,477.35,"2,718.93",1.33,P 2
2019,Jawa Barat,Kota Sukabumi,"64,956.11","9,063.96",13.95,"46,540.15",71.65,"55,604.11",85.6,673.94,396.85,1.65,P 2
2019,Jawa Barat,Kota Depok,"553,449.64","68,503.54",12.38,"341,074.98",61.63,"409,578.52",74,"60,576.70","22,137.98",14.95,P 2
2019,Jawa Barat,Kota Cimahi,"99,039.08","11,695.19",11.81,"81,526.48",82.32,"93,221.67",94.13,"11,396.26",248.28,11.76,P 2
2019,Jawa Barat,Kota Tasikmalaya,"106,560.83",,,"62,057.30",58.24,"62,057.30",58.24,,,0,P 2
2019,Jawa Tengah,Kab. Cilacap,"333,228.30","41,811.06",12.55,"211,413.41",63.44,"253,224.47",75.99,382.19,"153,637.56",46.22,P 2
2019,Jawa Tengah,Kab. Kebumen,"148,386.62","33,167.86",22.35,"84,902.65",57.22,"118,070.51",79.57,"22,863.91","7,121.15",20.21,P 2
2019,Jawa Tengah,Kab. Purworejo,"104,874.14","7,969.78",7.6,"14,768.01",14.08,"22,737.80",21.68,"7,969.78",315.01,7.9,P 2
2019,Jawa Tengah,Kab. Wonosobo,"115,411.69","16,416.95",14.22,"31,217.54",27.05,"47,634.49",41.27,"4,145.25",192.54,3.76,P 2
2019,Jawa Tengah,Kab. Boyolali,"97,052.73","24,694.38",25.44,"25,400.39",26.17,"50,094.77",51.62,"24,675.13",80.34,25.51,P 2
2019,Jawa Tengah,Kab. Klaten,"128,660.97","27,905.00",21.69,"27,236.30",21.17,"55,141.30",42.86,,,0,P 2
2019,Jawa Tengah,Kab. Sukoharjo,"133,536.71","24,334.73",18.22,"67,028.60",50.19,"91,363.33",68.42,"9,327.17",,6.98,P 2
2019,Jawa Tengah,Kab. Wonogiri,"159,359.58","44,679.96",28.04,"16,870.30",10.59,"61,550.26",38.62,"44,679.96",36.5,28.06,P 2
2019,Jawa Tengah,Kab. Sragen,"194,447.69","38,717.35",19.91,"79,073.60",40.67,"117,790.95",60.58,"3,131.23","2,423.60",2.86,P 2
2019,Jawa Tengah,Kab. Grobogan,"269,785.74",0,0,"24,820.00",9.2,"24,820.00",9.2,0,,0,P 2
2019,Jawa Tengah,Kab. Rembang,"83,544.12",793.87,0.95,"39,781.35",47.62,"40,575.22",48.57,480.09,73,0.66,P 2
2019,Jawa Tengah,Kab. Pati,"182,981.65","36,712.19",20.06,"44,321.95",24.22,"81,034.14",44.29,"4,019.13",779.28,2.62,P 2
2019,Jawa Tengah,Kab. Kudus,"159,083.24","27,585.33",17.34,"68,713.01",43.19,"96,298.34",60.53,"27,150.12","21,124.31",30.35,P 2
2019,Jawa Tengah,Kab. Jepara,"251,072.20","11,513.99",4.59,"28,543.00",11.37,"40,056.99",15.95,"7,683.07",730,3.35,P 2
2019,Jawa Tengah,Kab. Semarang,"192,320.00","20,768.63",10.8,"55,845.00",29.04,"76,613.63",39.84,83.59,,0.04,P 2
2019,Jawa Tengah,Kab. Kendal,"147,743.09","3,892.87",2.63,"22,673.80",15.35,"26,566.67",17.98,"1,847.70",43.8,1.28,P 2
2019,Jawa Tengah,Kab. Batang,"84,159.84",913.76,1.09,"82,146.90",97.61,"83,060.66",98.69,118.02,,0.14,P 2
2019,Jawa Tengah,Kab. Pemalang,"142,657.91","28,857.02",20.23,"59,239.50",41.53,"88,096.52",61.75,"2,417.30",839.5,2.28,P 2
2019,Jawa Tengah,Kab. Brebes,"330,160.02","13,148.43",3.98,"7,665.00",2.32,"20,813.43",6.3,,,0,P 2
2019,Jawa Tengah,Kota Magelang,"31,168.96","1,151.10",3.69,"24,661.59",79.12,"25,812.69",82.82,"1,151.10",93.44,3.99,P 2
2019,Jawa Tengah,Kota Semarang,"456,873.35","78,081.33",17.09,"356,782.59",78.09,"434,863.92",95.18,"23,322.45","15,069.59",8.4,P 2
2019,D.I. Yogyakarta,Kab. Kulon Progo,"61,774.21","16,201.20",26.23,"9,303.85",15.06,"25,505.05",41.29,"16,150.01",,26.14,P 2
2019,D.I. Yogyakarta,Kab. Bantul,"202,910.55","102,354.87",50.44,"43,433.55",21.41,"145,788.43",71.85,"102,354.87",363.55,50.62,P 2
2019,D.I. Yogyakarta,Kab. Gunungkidul,"131,671.16","28,411.16",21.58,"13,906.50",10.56,"42,317.66",32.14,"5,065.40",,3.85,P 2
2019,D.I. Yogyakarta,Kab. Sleman,"255,180.17","1,610.82",0.63,"66,645.35",26.12,"68,256.17",26.75,"1,610.82",,0.63,P 2
2019,D.I. Yogyakarta,Kota Yogyakarta,"132,116.36","36,175.14",27.38,"93,620.60",70.86,"129,795.73",98.24,"19,088.29",242.65,14.63,P 2
2019,Jawa Timur,Kab. Pacitan,"103,962.36","8,971.91",8.63,"11,048.55",10.63,"20,020.46",19.26,"8,946.14",671.6,9.25,P 2
2019,Jawa Timur,Kab. Trenggalek,"112,059.38","17,013.46",15.18,"50,114.50",44.72,"67,127.97",59.9,"5,256.60",,4.69,P 2
2019,Jawa Timur,Kab. Tulungagung,"189,621.88","8,524.93",4.5,"117,570.14",62,"126,095.07",66.5,"8,524.93",,4.5,P 2
2019,Jawa Timur,Kab. Blitar,"151,697.14","61,106.82",40.28,"49,947.50",32.93,"111,054.31",73.21,"9,015.77","2,061.24",7.3,P 2
2019,Jawa Timur,Kab. Kediri,"184,669.09","9,236.97",5,"29,648.95",16.06,"38,885.92",21.06,"8,587.87",,4.65,P 2
2019,Jawa Timur,Kab. Malang,"380,505.78","17,347.48",4.56,"136,583.00",35.9,"153,930.48",40.45,"15,994.33",,4.2,P 2
2019,Jawa Timur,Kab. Lumajang,"182,629.01","32,874.85",18,"55,577.49",30.43,"88,452.33",48.43,"17,813.36",261.74,9.9,P 2
2019,Jawa Timur,Kab. Banyuwangi,"446,019.96","43,194.18",9.68,"60,225.00",13.5,"103,419.18",23.19,79.45,,0.02,P 2
2019,Jawa Timur,Kab. Bondowoso,"104,298.71",437.67,0.42,"20,837.85",19.98,"21,275.52",20.4,376.1,,0.36,P 2
2019,Jawa Timur,Kab. Situbondo,"93,482.61","15,753.53",16.85,"68,130.90",72.88,"83,884.43",89.73,"4,490.06","11,515.75",17.12,P 2
2019,Jawa Timur,Kab. Probolinggo,"170,133.51","5,283.50",3.11,"15,753.40",9.26,"21,036.90",12.36,538.3,,0.32,P 2
2019,Jawa Timur,Kab. Pasuruan,"420,500.88","76,023.67",18.08,295.56,0.07,"76,319.23",18.15,370.85,295.56,0.16,P 2
2019,Jawa Timur,Kab. Sidoarjo,"446,733.65","36,971.95",8.28,"164,250.00",36.77,"201,221.95",45.04,"4,911.62",,1.1,P 2
2019,Jawa Timur,Kab. Nganjuk,"153,973.21","25,793.04",16.75,"114,341.43",74.26,"140,134.46",91.01,445.4,"15,816.98",10.56,P 2
2019,Jawa Timur,Kab. Madiun,"99,671.28","11,641.09",11.68,"9,289.25",9.32,"20,930.34",21,"1,634.24",164.25,1.8,P 2
2019,Jawa Timur,Kab. Ngawi,"133,378.74","14,578.81",10.93,"28,532.42",21.39,"43,111.23",32.32,"1,164.06",792.42,1.47,P 2
2019,Jawa Timur,Kab. Bojonegoro,"185,688.35","18,867.64",10.16,"31,014.05",16.7,"49,881.69",26.86,"12,269.94",0,6.61,P 2
2019,Jawa Timur,Kab. Tuban,"179,184.71","48,540.02",27.09,"46,355.00",25.87,"94,895.02",52.96,"23,783.37",,13.27,P 2
2019,Jawa Timur,Kab. Gresik,"118,459.29",820.04,0.69,"78,033.35",65.87,"78,853.39",66.57,90.13,,0.08,P 2
2019,Jawa Timur,Kab. Sampang,"83,449.95","9,178.57",11,"13,415.01",16.08,"22,593.58",27.07,96.74,"4,290.01",5.26,P 2
2019,Jawa Timur,Kab. Pamekasan,"98,305.05","16,100.45",16.38,"10,603.25",10.79,"26,703.70",27.16,"15,510.61",36.5,15.82,P 2
2019,Jawa Timur,Kab. Sumenep,"131,473.99","1,989.88",1.51,"11,840.60",9.01,"13,830.48",10.52,225.35,,0.17,P 2
2019,Jawa Timur,Kota Kediri,"53,828.38","5,879.15",10.92,"44,530.00",82.73,"50,409.15",93.65,"2,887.52",,5.36,P 2
2019,Jawa Timur,Kota Blitar,"25,892.37","2,494.24",9.63,"21,259.43",82.11,"23,753.67",91.74,"2,482.18",903.37,13.08,P 2
2019,Jawa Timur,Kota Malang,"244,720.24","52,968.80",21.64,"186,936.57",76.39,"239,905.37",98.03,"52,782.05","5,144.68",23.67,P 2
2019,Jawa Timur,Kota Probolinggo,"34,340.81","5,055.78",14.72,"21,563.40",62.79,"26,619.18",77.51,"4,657.97",691.6,15.58,P 2
2019,Jawa Timur,Kota Pasuruan,"47,915.72","13,510.92",28.2,"33,645.70",70.22,"47,156.62",98.42,"13,510.92",,28.2,P 2
2019,Jawa Timur,Kota Mojokerto,"23,627.73","4,470.73",18.92,"16,808.25",71.14,"21,278.98",90.06,"1,442.19",91.25,6.49,P 2
2019,Jawa Timur,Kota Madiun,"42,622.24","3,917.48",9.19,"31,838.22",74.7,"35,755.70",83.89,"3,917.48",305.87,9.91,P 2
2019,Jawa Timur,Kota Surabaya,"811,860.24","64,209.18",7.91,"719,003.65",88.56,"783,212.83",96.47,"2,620.75","102,523.92",12.95,P 2
2019,Jawa Timur,Kota Batu,"42,457.19","3,808.74",8.97,"35,770.00",84.25,"39,578.74",93.22,"3,808.74",,8.97,P 2
2019,Banten,Kab. Pandeglang,"178,026.41",,,"10,950.00",6.15,"10,950.00",6.15,,,0,P 2
2019,Banten,Kab. Lebak,"186,504.05","20,509.70",11,"35,405.00",18.98,"55,914.70",29.98,"5,815.10",,3.12,P 2
2019,Banten,Kab. Tangerang,"971,101.08","207,931.43",21.41,"365,000.00",37.59,"572,931.43",59,"8,009.20",,0.82,P 2
2019,Banten,Kota Tangerang,"578,038.09","93,396.76",16.16,"484,624.92",83.84,"578,021.68",100,"37,356.80","3,919.92",7.14,P 2
2019,Banten,Kota Cilegon,"135,211.00",459.9,0.34,"95,630.00",70.73,"96,089.90",71.07,459.9,,0.34,P 2
2019,Banten,Kota Tangerang Selatan,"376,411.56",215.35,0.06,"15,008.80",3.99,"15,224.15",4.04,,"15,008.80",3.99,P 2
2019,Bali,Kab. Jembrana,"59,757.44","9,736.54",16.29,"11,680.00",19.55,"21,416.54",35.84,"9,240.14",,15.46,P 2
2019,Bali,Kab. Badung,"103,447.64","15,922.22",15.39,"77,206.48",74.63,"93,128.70",90.02,"15,173.80",45.48,14.71,P 2
2019,Bali,Kab. Gianyar,"158,910.05","18,380.90",11.57,"112,055.00",70.51,"130,435.90",82.08,"17,610.75",,11.08,P 2
2019,Bali,Kab. Bangli,"39,430.37","7,688.55",19.5,"19,662.18",49.87,"27,350.74",69.36,"3,954.86",631.09,11.63,P 2
2019,Bali,Kab. Karangasem,"76,029.50","22,699.16",29.86,"31,769.60",41.79,"54,468.76",71.64,"10,054.98",0,13.23,P 2
2019,Bali,Kab. Buleleng,"122,337.78","7,130.55",5.83,"52,846.93",43.2,"59,977.48",49.03,"4,071.94",265.03,3.55,P 2
2019,Bali,Kota Denpasar,"237,808.16","19,293.53",8.11,"117,709.13",49.5,"137,002.66",57.61,16.79,984.04,0.42,P 2
2019,Nusa Tenggara Barat,Kab. Lombok Timur,"175,289.35","8,697.12",4.96,"38,690.00",22.07,"47,387.12",27.03,467.42,,0.27,P 2
2019,Nusa Tenggara Barat,Kab. Lombok Utara,"26,322.30",697.89,2.65,"13,501.35",51.29,"14,199.24",53.94,457.17,,1.74,P 2
2019,Kalimantan Barat,Kab. Sambas,"99,133.09","3,377.16",3.41,"19,753.80",19.93,"23,130.96",23.33,"3,344.67",,3.37,P 2
2019,Kalimantan Barat,Kab. Mempawah,"25,650.20",31.08,0.12,"7,824.14",30.5,"7,855.22",30.62,1.08,,0,P 2
2019,Kalimantan Barat,Kab. Sanggau,"85,815.88",21.17,0.02,"13,692.97",15.96,"13,714.14",15.98,,,0,P 2
2019,Kalimantan Barat,Kab. Ketapang,"93,023.35","4,122.97",4.43,"15,457.75",16.62,"19,580.72",21.05,"3,712.89",,3.99,P 2
2019,Kalimantan Barat,Kab. Bengkayang,"37,172.18",0,0,"5,781.60",15.55,"5,781.60",15.55,,,0,P 2
2019,Kalimantan Barat,Kota Pontianak,"138,907.10","7,650.03",5.51,"127,949.68",92.11,"135,599.71",97.62,"6,679.75",199.68,4.95,P 2
2019,Kalimantan Tengah,Kab. Kotawaringin Barat,"44,395.97","5,842.69",13.16,"14,819.00",33.38,"20,661.69",46.54,908.96,,2.05,P 2
2019,Kalimantan Tengah,Kab. Kotawaringin Timur,"91,971.20","1,988.05",2.16,"13,140.00",14.29,"15,128.05",16.45,79.1,,0.09,P 2
2019,Kalimantan Tengah,Kab. Kapuas,"65,039.72","2,712.45",4.17,"7,300.23",11.22,"10,012.68",15.39,"1,731.33",3.88,2.67,P 2
2019,Kalimantan Tengah,Kab. Barito Utara,"19,084.10","3,657.70",19.17,"13,355.35",69.98,"17,013.05",89.15,720.75,32.85,3.95,P 2
2019,Kalimantan Tengah,Kab. Sukamara,"9,393.93",552.12,5.88,"5,110.00",54.4,"5,662.12",60.27,68.67,,0.73,P 2
2019,Kalimantan Tengah,Kab. Murung Raya,"16,052.85",,,"4,708.50",29.33,"4,708.50",29.33,,,0,P 1
2019,Kalimantan Tengah,Kab. Barito Timur,"18,523.60",0,0,"168,571,694.90","910,037.24","168,571,694.90","910,037.24",,,0,P 2
2019,Kalimantan Tengah,Kota Palangkaraya,"51,188.70","11,235.95",21.95,"38,664.82",75.53,"49,900.76",97.48,"9,737.29",47.82,19.12,P 2
2019,Kalimantan Selatan,Kab. Tanah Laut,"48,827.22","21,249.30",43.52,"15,130.35",30.99,"36,379.64",74.51,"1,926.19",530.35,5.03,P 2
2019,Kalimantan Selatan,Kab. Kotabaru,"50,327.66","6,460.95",12.84,"17,520.00",34.81,"23,980.95",47.65,15.71,,0.03,P 2
2019,Kalimantan Selatan,Kab. Barito Kuala,"33,315.16","6,794.38",20.39,"16,352.00",49.08,"23,146.38",69.48,"5,085.12","1,022.00",18.33,P 2
2019,Kalimantan Selatan,Kab. Tapin,"27,486.25","3,890.49",14.15,"14,939.09",54.35,"18,829.57",68.51,"3,750.89",357.34,14.95,P 2
2019,Kalimantan Selatan,Kab. Hulu Sungai Selatan,"33,966.61","8,451.68",24.88,"15,177.15",44.68,"23,628.82",69.56,903.18,942.15,5.43,P 2
2019,Kalimantan Selatan,Kab. Hulu Sungai Tengah,"39,372.11","9,574.78",24.32,"18,952.63",48.14,"28,527.41",72.46,"8,250.58",337.63,21.81,P 2
2019,Kalimantan Selatan,Kab. Hulu Sungai Utara,"34,793.55","7,285.87",20.94,"25,965.90",74.63,"33,251.77",95.57,"2,932.54","1,237.15",11.98,P 2
2019,Kalimantan Selatan,Kab. Tanah Bumbu,"65,730.48","6,647.71",10.11,"52,195.00",79.41,"58,842.71",89.52,"6,647.71",,10.11,P 2
2019,Kalimantan Selatan,Kab. Balangan,"19,248.64",735.93,3.82,"13,795.91",71.67,"14,531.84",75.5,735.93,"3,667.16",22.87,P 2
2019,Kalimantan Selatan,Kota Banjarmasin,"181,048.83","34,511.92",19.06,"144,837.84",80,"179,349.77",99.06,"5,481.68",,3.03,P 2
2019,Kalimantan Selatan,Kota Banjarbaru,"60,412.23","11,841.94",19.6,"46,208.91",76.49,"58,050.85",96.09,"9,342.86",218.91,15.83,P 2
2019,Kalimantan Timur,Kab. Paser,"41,831.34","4,804.81",11.49,"24,217.75",57.89,"29,022.56",69.38,"1,172.41",,2.8,P 2
2019,Kalimantan Timur,Kab. Kutai Kartanegara,"75,858.97","5,534.50",7.3,"16,961.55",22.36,"22,496.05",29.66,91.25,,0.12,P 2
2019,Kalimantan Timur,Kab. Berau,"59,040.68","5,112.11",8.66,"16,425.00",27.82,"21,537.11",36.48,0.01,,0,P 2
2019,Kalimantan Timur,Kab. Kutai Timur,"77,355.18","10,645.85",13.76,"31,207.50",40.34,"41,853.35",54.11,199.9,"12,227.50",16.07,P 2
2019,Kalimantan Timur,Kab. Penajam Paser Utara,"39,386.69","4,026.11",10.22,"8,555.60",21.72,"12,581.71",31.94,"1,580.25",438,5.12,P 2
2019,Kalimantan Timur,Kota Balikpapan,"167,397.98","33,390.74",19.95,237.25,0.14,"33,627.99",20.09,"25,951.26",237.25,15.64,P 2
2019,Kalimantan Timur,Kota Samarinda,"222,992.22","34,316.60",15.39,"163,081.23",73.13,"197,397.84",88.52,"30,093.97",922.68,13.91,P 2
2019,Kalimantan Timur,Kota Bontang,"37,122.72","6,753.32",18.19,"29,075.90",78.32,"35,829.22",96.52,"6,388.91",73,17.41,P 2
2019,Kalimantan Utara,Kab. Nunukan,"16,110.07","3,382.97",21,"8,378.42",52.01,"11,761.39",73.01,598.6,"1,337.57",12.02,P 2
2019,Kalimantan Utara,Kota Tarakan,"56,319.12","8,696.02",15.44,"44,048.20",78.21,"52,744.22",93.65,"2,632.10",248.2,5.11,P 2
2019,Sulawesi Utara,Kab. Minahasa,"62,435.08","3,591.60",5.75,"24,199.50",38.76,"27,791.10",44.51,,,0,P 2
2019,Sulawesi Utara,Kab. Kepulauan Sangihe,"19,145.86","2,127.95",11.11,"10,220.00",53.38,"12,347.95",64.49,,,0,P 2
2019,Sulawesi Utara,Kab. Kepulauan Talaud,"23,631.71","3,353.98",14.19,"3,650.00",15.45,"7,003.98",29.64,,,0,P 2
2019,Sulawesi Utara,Kab. Minahasa Selatan,"34,814.43","4,770.46",13.7,"8,395.00",24.11,"13,165.46",37.82,199.44,,0.57,P 2
2019,Sulawesi Utara,Kab. Minahasa Utara,"37,161.38",333.99,0.9,"17,826.60",47.97,"18,160.59",48.87,,,0,P 2
2019,Sulawesi Utara,Kab. Minahasa Tenggara,"16,010.51","5,908.36",36.9,"7,847.03",49.01,"13,755.38",85.91,620.49,17.78,3.99,P 2
2019,Sulawesi Utara,Kab. Bolaang Mongondow Utara,"15,575.83",4.93,0.03,"4,380.00",28.12,"4,384.93",28.15,,,0,P 1
2019,Sulawesi Utara,Kab. Kep. Siau Tagulandang Biaro,"13,794.08",0,0,"2,847.00",20.64,"2,847.00",20.64,,,0,P 2
2019,Sulawesi Utara,Kab. Bolaang Mongondow Selatan,"12,057.96",0,0,"2,920.00",24.22,"2,920.00",24.22,,,0,P 2
2019,Sulawesi Utara,Kota Bitung,"55,955.52",,,"41,975.00",75.01,"41,975.00",75.01,,,0,P 2
2019,Sulawesi Utara,Kota Tomohon,"27,317.29","3,439.76",12.59,"18,980.00",69.48,"22,419.76",82.07,,,0,P 2
2019,Sulawesi Utara,Kota Kotamobagu,"22,566.67","3,282.97",14.55,"16,280.83",72.15,"19,563.79",86.69,"1,301.85",220.83,6.75,P 2
2019,Sulawesi Tengah,Kab. Banggai,"67,699.11","13,446.48",19.86,"46,990.10",69.41,"60,436.58",89.27,"3,090.91",,4.57,P 2
2019,Sulawesi Tengah,Kab. Poso,"36,633.30","1,755.37",4.79,"8,227.10",22.46,"9,982.47",27.25,"1,010.86",,2.76,P 2
2019,Sulawesi Tengah,Kab. Donggala,"44,032.29","1,422.09",3.23,"3,050.67",6.93,"4,472.76",10.16,870.93,13.87,2.01,P 2
2019,Sulawesi Tengah,Kab. Parigi Moutong,"78,696.74",996.85,1.27,"5,303.45",6.74,"6,300.30",8.01,488.88,3.65,0.63,P 2
2019,Sulawesi Selatan,Kab. Kepulauan Selayar,"24,751.38","9,496.23",38.37,"6,022.50",24.33,"15,518.73",62.7,"9,165.48",,37.03,P 2
2019,Sulawesi Selatan,Kab. Bulukumba,"61,538.12","1,980.70",3.22,"43,362.00",70.46,"45,342.71",73.68,"1,980.70",,3.22,P 2
2019,Sulawesi Selatan,Kab. Bantaeng,"27,245.35","4,561.03",16.74,"9,289.57",34.1,"13,850.60",50.84,"4,452.60",237.57,17.21,P 2
2019,Sulawesi Selatan,Kab. Sinjai,"38,825.34","3,069.75",7.91,"28,178.00",72.58,"31,247.75",80.48,0,,0,P 2
2019,Sulawesi Selatan,Kab. Bone,"137,311.91","10,274.66",7.48,"30,660.00",22.33,"40,934.66",29.81,"3,597.71",,2.62,P 2
2019,Sulawesi Selatan,Kab. Maros,"51,555.67","10,106.01",19.6,"28,835.00",55.93,"38,941.01",75.53,"1,155.49",,2.24,P 2
2019,Sulawesi Selatan,Kab. Pangkajene Kepulauan,"51,130.37",275.27,0.54,"9,712.28",19,"9,987.55",19.53,5.94,163.89,0.33,P 2
2019,Sulawesi Selatan,Kab. Barru,"26,626.46","8,723.83",32.76,"11,643.90",43.73,"20,367.73",76.49,"8,722.55",62.45,32.99,P 2
2019,Sulawesi Selatan,Kab. Wajo,"57,934.26",842.91,1.45,"22,736.50",39.25,"23,579.41",40.7,15.5,113.8,0.22,P 2
2019,Sulawesi Selatan,Kab. Sidenreng Rappang,"44,087.91","8,068.98",18.3,"19,329.01",43.84,"27,398.00",62.14,"8,047.34",553.41,19.51,P 2
2019,Sulawesi Selatan,Kab. Enrekang,"42,850.45","3,545.84",8.27,"14,600.00",34.07,"18,145.84",42.35,"1,043.54","2,920.00",9.25,P 2
2019,Sulawesi Selatan,Kab. Luwu Utara,"47,887.12",842.99,1.76,"5,861.90",12.24,"6,704.89",14,842.99,,1.76,P 2
2019,Sulawesi Selatan,Kab. Luwu Timur,"42,898.01","3,181.30",7.42,"23,360.00",54.45,"26,541.30",61.87,"2,719.10",,6.34,P 2
2019,Sulawesi Selatan,Kota Pare Pare,"26,751.58","2,814.13",10.52,"19,892.50",74.36,"22,706.63",84.88,,,0,P 2
2019,Sulawesi Selatan,Kota Palopo,"37,876.96","4,903.02",12.94,"22,115.35",58.39,"27,018.37",71.33,286.48,215.35,1.32,P 2
2019,Sulawesi Tenggara,Kab. Kolaka,"56,245.11","2,247.07",4,"12,986.15",23.09,"15,233.23",27.08,"2,229.31",65.15,4.08,P 2
2019,Sulawesi Tenggara,Kab. Konawe,"35,671.30","2,420.15",6.78,"5,322.11",14.92,"7,742.26",21.7,"2,420.15",33.26,6.88,P 1
2019,Sulawesi Tenggara,Kab. Buton,"14,768.05",0,0,"4,559.00",30.87,"4,559.00",30.87,,,0,P 2
2019,Sulawesi Tenggara,Kab. Bombana,"20,446.57","1,943.22",9.5,"3,504.00",17.14,"5,447.22",26.64,349.79,,1.71,P 2
2019,Gorontalo,Kab. Gorontalo,"53,495.57",863.47,1.61,"6,057.18",11.32,"6,920.65",12.94,823.98,118.63,1.76,P 2
2019,Gorontalo,Kab. Pohuwato,"21,238.47",0,0,"5,390.42",25.38,"5,390.42",25.38,,"1,897.73",8.94,P 2
2019,Gorontalo,Kota Gorontalo,"51,040.47","2,023.15",3.96,"25,550.00",50.06,"27,573.15",54.02,"1,606.00",,3.15,P 2
2019,Sulawesi Barat,Kab. Pasangkayu,"25,399.33",20.4,0.08,876,3.45,896.4,3.53,20.4,876,3.53,P 2
2019,Sulawesi Barat,Kab. Polewali Mandar,"64,616.10","6,745.43",10.44,"21,381.85",33.09,"28,127.27",43.53,"2,427.21","1,306.85",5.78,P 2
2019,Maluku,Kab. Maluku Tenggara,"18,175.36","2,597.39",14.29,"13,411.93",73.79,"16,009.31",88.08,"1,009.23",636.93,9.06,P 2
2019,Maluku,Kab. Buru Selatan,"11,179.95",,,"6,745.20",60.33,"6,745.20",60.33,,,0,P 2
2019,Maluku,Kota Ambon,"98,145.73","13,370.41",13.62,"66,430.00",67.69,"79,800.41",81.31,943.31,,0.96,P 2
2019,Maluku Utara,Kab. Halmahera Utara,"50,166.15",,,"12,775.00",25.47,"12,775.00",25.47,,,0,P 2
2019,Maluku Utara,Kota Ternate,"26,384.69",146.99,0.56,"20,719.23",78.53,"20,866.22",79.08,146.99,414.28,2.13,P 2
2019,Maluku Utara,Kota Tidore Kepulauan,"16,568.81","2,446.12",14.76,"9,165.36",55.32,"11,611.48",70.08,"2,334.89",149.86,15,P 2
2019,Papua,Kab. Biak Numfor,"21,232.05","3,099.26",14.6,"16,986.66",80,"20,085.92",94.6,"2,362.45",,11.13,P 2
2019,Papua,Kab. Asmat,"14,233.54",109.5,0.77,"2,007.50",14.1,"2,117.00",14.87,,,0,P 2
2019,Papua,Kota Jayapura,"92,211.70","7,804.73",8.46,"67,525.00",73.23,"75,329.73",81.69,"4,379.55",,4.75,P 2
2019,Papua Barat,Kab. Raja Ampat,"12,090.99",54.78,0.45,547.5,4.53,602.28,4.98,51.06,547.5,4.95,P 2
2018,Papua Barat,Kab. Manokwari,"54,830.04",,,"21,608.00",39.41,"21,608.00",39.41,,,0,P 2
